festival_a,festival_b,shared_film_count
Encounters Short Film and Animation Festival,Palm Springs International ShortFest,142
Encounters Short Film and Animation Festival,Tallinn Black Nights Film Festival,140
Encounters Short Film and Animation Festival,Annecy International Animation Festival,89
Clermont-Ferrand International Short Film Festival,Encounters Short Film and Animation Festival,85
Encounters Short Film and Animation Festival,Guanajuato International Film Festival,78
Encounters Short Film and Animation Festival,Festival du Nouveau Cinéma,57
Encounters Short Film and Animation Festival,Athens International Film and Video Festival,50
Encounters Short Film and Animation Festival,IndieLisboa International Independent Film Festival,50
Encounters Short Film and Animation Festival,Helsinki International Film Festival - Love & Anarchy,50
Encounters Short Film and Animation Festival,Internationale Kurzfilmtage Winterthur,46
Krakow Film Festival,Encounters Short Film and Animation Festival,46
Encounters Short Film and Animation Festival,Melbourne International Film Festival,44
Encounters Short Film and Animation Festival,BFI London Film Festival,43
Tallinn Black Nights Film Festival,Palm Springs International ShortFest,42
Encounters Short Film and Animation Festival,Curtas Vila do Conde International Film Festival,42
Encounters Short Film and Animation Festival,DOK Leipzig,41
Clermont-Ferrand International Short Film Festival,Palm Springs International ShortFest,40
Tallinn Black Nights Film Festival,Annecy International Animation Festival,39
SXSW Film Festival,Encounters Short Film and Animation Festival,38
Edinburgh International Film Festival,Encounters Short Film and Animation Festival,38
Seattle International Film Festival,Encounters Short Film and Animation Festival,38
FEST - New Directors / New Films,Encounters Short Film and Animation Festival,38
Encounters Short Film and Animation Festival,Bilbao International Festival of Documentary and Short Films,36
Encounters Short Film and Animation Festival,Dokufest International Documentary and Short Film Festival,35
Cannes Film Festival,Encounters Short Film and Animation Festival,33
Clermont-Ferrand International Short Film Festival,Tallinn Black Nights Film Festival,32
Encounters Short Film and Animation Festival,Milwaukee International Film Festival,32
AFI Fest,Encounters Short Film and Animation Festival,31
Ann Arbor Film Festival,Encounters Short Film and Animation Festival,31
São Paulo International Short Film Festival – Curta Kinoforum,Encounters Short Film and Animation Festival,31
Tallinn Black Nights Film Festival,Guanajuato International Film Festival,31
Encounters Short Film and Animation Festival,Toronto International Film Festival,29
Encounters Short Film and Animation Festival,Vancouver International Film Festival,29
Palm Springs International ShortFest,Guanajuato International Film Festival,29
Encounters Short Film and Animation Festival,Locarno International Film Festival,28
Sundance Film Festival,Encounters Short Film and Animation Festival,28
Solothurn Film Festival,Encounters Short Film and Animation Festival,28
Encounters Short Film and Animation Festival,Reykjavik International Film Festival,28
Encounters Short Film and Animation Festival,Oberhausen International Short Film Festival,28
Warsaw International Film Festival,Encounters Short Film and Animation Festival,27
Encounters Short Film and Animation Festival,Chicago International Film Festival,27
Guanajuato International Film Festival,Annecy International Animation Festival,27
Encounters Short Film and Animation Festival,Calgary International Film Festival,27
Encounters Short Film and Animation Festival,Sarajevo Film Festival,27
Encounters Short Film and Animation Festival,Kurzfilm Festival Hamburg,27
Encounters Short Film and Animation Festival,International Film Festival Rotterdam,26
Ghent Film Festival,Encounters Short Film and Animation Festival,26
Encounters Short Film and Animation Festival,Sitges - Catalonian International Film Festival,25
Palm Springs International ShortFest,Annecy International Animation Festival,25
Encounters Short Film and Animation Festival,Hong Kong International Film Festival,25
Encounters Short Film and Animation Festival,Fantasia Film Festival,25
Tallinn Black Nights Film Festival,DOK Leipzig,24
Seattle International Film Festival,Palm Springs International ShortFest,24
Encounters Short Film and Animation Festival,Berlin International Film Festival,24
Krakow Film Festival,Tallinn Black Nights Film Festival,23
Encounters Short Film and Animation Festival,Raindance Film Festival,22
Encounters Short Film and Animation Festival,Valladolid International Film Festival,22
Helsinki International Film Festival - Love & Anarchy,Tallinn Black Nights Film Festival,21
Tallinn Black Nights Film Festival,Curtas Vila do Conde International Film Festival,21
Tallinn Black Nights Film Festival,Festival du Nouveau Cinéma,21
Clermont-Ferrand International Short Film Festival,Internationale Kurzfilmtage Winterthur,21
Clermont-Ferrand International Short Film Festival,Guanajuato International Film Festival,21
Palm Springs International ShortFest,Milwaukee International Film Festival,20
SXSW Film Festival,Palm Springs International ShortFest,20
Clermont-Ferrand International Short Film Festival,Annecy International Animation Festival,20
Encounters Short Film and Animation Festival,Ottawa International Animation Festival,20
Internationale Kurzfilmtage Winterthur,Tallinn Black Nights Film Festival,20
Tallinn Black Nights Film Festival,IndieLisboa International Independent Film Festival,20
Helsinki International Film Festival - Love & Anarchy,Palm Springs International ShortFest,20
Clermont-Ferrand International Short Film Festival,Curtas Vila do Conde International Film Festival,19
Encounters Short Film and Animation Festival,Beijing International Short Film Festival,19
Clermont-Ferrand International Short Film Festival,Festival du Nouveau Cinéma,19
Encounters Short Film and Animation Festival,San Francisco International Film Festival,19
Clermont-Ferrand International Short Film Festival,Helsinki International Film Festival - Love & Anarchy,19
Encounters Short Film and Animation Festival,Riga International Film Festival,19
Palm Springs International ShortFest,Athens International Film and Video Festival,19
Curtacinema - Rio de Janeiro International Short Film Festival,Encounters Short Film and Animation Festival,19
Tallinn Black Nights Film Festival,Athens International Film and Video Festival,18
Encounters Short Film and Animation Festival,Vilnius International Film Festival (Kino Pavasaris),18
Internationale Kurzfilmtage Winterthur,Palm Springs International ShortFest,18
Clermont-Ferrand International Short Film Festival,Melbourne International Film Festival,18
Palm Springs International ShortFest,Melbourne International Film Festival,18
Cannes Film Festival,Palm Springs International ShortFest,17
Tallinn Black Nights Film Festival,Toronto International Film Festival,17
Guadalajara International Film Festival,Encounters Short Film and Animation Festival,17
Krakow Film Festival,Annecy International Animation Festival,17
Hollyshorts Film Festival,Encounters Short Film and Animation Festival,17
DOK Leipzig,Annecy International Animation Festival,17
Tallinn Black Nights Film Festival,Melbourne International Film Festival,17
Sundance Film Festival,Palm Springs International ShortFest,17
São Paulo International Short Film Festival – Curta Kinoforum,Tallinn Black Nights Film Festival,17
Encounters Short Film and Animation Festival,Slamdance Film Festival,17
Encounters Short Film and Animation Festival,Milan Film Festival,16
Seville European Film Festival,Encounters Short Film and Animation Festival,16
Palm Springs International ShortFest,Calgary International Film Festival,16
Melbourne International Film Festival,Curtas Vila do Conde International Film Festival,16
Encounters Short Film and Animation Festival,Uppsala Short Film Festival,16
New York Film Festival,Encounters Short Film and Animation Festival,16
Edinburgh International Film Festival,Tallinn Black Nights Film Festival,16
Internationale Kurzfilmtage Winterthur,IndieLisboa International Independent Film Festival,15
Encounters Short Film and Animation Festival,Animafest Zagreb,15
AFI Fest,Palm Springs International ShortFest,15
Internationale Kurzfilmtage Winterthur,Festival du Nouveau Cinéma,15
Internationale Kurzfilmtage Winterthur,Helsinki International Film Festival - Love & Anarchy,15
Seattle International Film Festival,Tallinn Black Nights Film Festival,15
Helsinki International Film Festival - Love & Anarchy,Curtas Vila do Conde International Film Festival,15
Helsinki International Film Festival - Love & Anarchy,Guanajuato International Film Festival,15
Clermont-Ferrand International Short Film Festival,São Paulo International Short Film Festival – Curta Kinoforum,15
Encounters Short Film and Animation Festival,Landshut Short Film Festival,15
Encounters Short Film and Animation Festival,Stockholm International Film Festival,15
Bilbao International Festival of Documentary and Short Films,Tallinn Black Nights Film Festival,15
Internationale Kurzfilmtage Winterthur,Dokufest International Documentary and Short Film Festival,15
Guanajuato International Film Festival,Festival du Nouveau Cinéma,15
Encounters Short Film and Animation Festival,Queer Lisboa,15
Tallinn Black Nights Film Festival,Hong Kong International Film Festival,15
Encounters Short Film and Animation Festival,Cleveland International Film Festival,15
Clermont-Ferrand International Short Film Festival,Krakow Film Festival,15
Festival du Nouveau Cinéma,Annecy International Animation Festival,15
Palm Springs International ShortFest,BFI London Film Festival,15
Seattle International Film Festival,Guanajuato International Film Festival,14
Dokufest International Documentary and Short Film Festival,Curtas Vila do Conde International Film Festival,14
Palm Springs International ShortFest,IndieLisboa International Independent Film Festival,14
IndieLisboa International Independent Film Festival,Annecy International Animation Festival,14
Encounters Short Film and Animation Festival,Leiden Shorts,14
Bilbao International Festival of Documentary and Short Films,Guanajuato International Film Festival,14
Cannes Film Festival,Curtas Vila do Conde International Film Festival,14
Internationale Kurzfilmtage Winterthur,Curtas Vila do Conde International Film Festival,14
Bilbao International Festival of Documentary and Short Films,Palm Springs International ShortFest,14
Clermont-Ferrand International Short Film Festival,IndieLisboa International Independent Film Festival,14
Krakow Film Festival,Palm Springs International ShortFest,14
Helsinki International Film Festival - Love & Anarchy,Melbourne International Film Festival,13
Encounters Short Film and Animation Festival,Tribeca Film Festival,13
Athens International Film and Video Festival,Guanajuato International Film Festival,13
Encounters Short Film and Animation Festival,European Film Awards,13
Clermont-Ferrand International Short Film Festival,Dokufest International Documentary and Short Film Festival,13
Ghent Film Festival,Curtas Vila do Conde International Film Festival,13
Guanajuato International Film Festival,International Film Festival Rotterdam,13
Internationale Kurzfilmtage Winterthur,Guanajuato International Film Festival,13
Encounters Short Film and Animation Festival,Tirana International Film Festival,13
Tallinn Black Nights Film Festival,Milwaukee International Film Festival,13
Encounters Short Film and Animation Festival,Viennale,13
Tallinn Black Nights Film Festival,Vancouver International Film Festival,13
AFI Fest,Tallinn Black Nights Film Festival,13
Encounters Short Film and Animation Festival,Dublin International Film Festival,13
São Paulo International Short Film Festival – Curta Kinoforum,Palm Springs International ShortFest,13
Message to Man International Film Festival,Encounters Short Film and Animation Festival,13
Palm Springs International ShortFest,Vancouver International Film Festival,12
Curtacinema - Rio de Janeiro International Short Film Festival,Tallinn Black Nights Film Festival,12
Encounters Short Film and Animation Festival,Outfest: Los Angeles Gay & Lesbian Film Festival,12
Athens International Film and Video Festival,Annecy International Animation Festival,12
Krakow Film Festival,Guanajuato International Film Festival,12
Encounters Short Film and Animation Festival,Vienna Shorts,12
FEST - New Directors / New Films,Guanajuato International Film Festival,12
Ghent Film Festival,BFI London Film Festival,12
Clermont-Ferrand International Short Film Festival,Cannes Film Festival,12
Cannes Film Festival,Tallinn Black Nights Film Festival,12
Buenos Aires International Festival of Independent Cinema,Encounters Short Film and Animation Festival,12
Palm Springs International ShortFest,San Francisco International Film Festival,12
Brooklyn Film Festival,Encounters Short Film and Animation Festival,12
Toronto International Film Festival,Curtas Vila do Conde International Film Festival,12
Clermont-Ferrand International Short Film Festival,Milwaukee International Film Festival,12
Palm Springs International ShortFest,Toronto International Film Festival,12
Festival du Nouveau Cinéma,Curtas Vila do Conde International Film Festival,12
Ghent Film Festival,Melbourne International Film Festival,12
Clermont-Ferrand International Short Film Festival,Hong Kong International Film Festival,12
SXSW Film Festival,Tallinn Black Nights Film Festival,12
Encounters Short Film and Animation Festival,BAFTA Awards,12
Seattle International Film Festival,Milwaukee International Film Festival,12
Encounters Short Film and Animation Festival,Frameline: San Francisco International LGBTQ Film Festival,11
Internationale Kurzfilmtage Winterthur,Bilbao International Festival of Documentary and Short Films,11
Guanajuato International Film Festival,Vancouver International Film Festival,11
Clermont-Ferrand International Short Film Festival,Ottawa International Animation Festival,11
Krakow Film Festival,Festival du Nouveau Cinéma,11
Internationale Kurzfilmtage Winterthur,Melbourne International Film Festival,11
Helsinki International Film Festival - Love & Anarchy,Reykjavik International Film Festival,11
Encounters Short Film and Animation Festival,Rome Independent Film Festival,11
Sundance Film Festival,Guanajuato International Film Festival,11
Palm Springs International ShortFest,Festival du Nouveau Cinéma,11
Tallinn Black Nights Film Festival,BFI London Film Festival,11
Seattle International Film Festival,Clermont-Ferrand International Short Film Festival,11
Toronto International Film Festival,Festival du Nouveau Cinéma,11
FEST - New Directors / New Films,Palm Springs International ShortFest,11
Vancouver International Film Festival,Festival du Nouveau Cinéma,11
Tallinn Black Nights Film Festival,Calgary International Film Festival,11
Tallinn Black Nights Film Festival,Ottawa International Animation Festival,11
Encounters Short Film and Animation Festival,Festival Stop Motion Montreal,11
Internationale Kurzfilmtage Winterthur,Kurzfilm Festival Hamburg,11
FEST - New Directors / New Films,Tallinn Black Nights Film Festival,11
Palm Springs International ShortFest,Reykjavik International Film Festival,11
Encounters Short Film and Animation Festival,Thessaloniki Film Festival,11
Chicago International Film Festival,Tallinn Black Nights Film Festival,11
Guadalajara International Film Festival,Tallinn Black Nights Film Festival,11
Hong Kong International Film Festival,Annecy International Animation Festival,11
Internationale Kurzfilmtage Winterthur,Annecy International Animation Festival,11
Encounters Short Film and Animation Festival,Telluride Film Festival,11
Guanajuato International Film Festival,Kurzfilm Festival Hamburg,11
Guanajuato International Film Festival,IndieLisboa International Independent Film Festival,11
Chicago International Film Festival,Palm Springs International ShortFest,11
Palm Springs International ShortFest,DOK Leipzig,11
Ottawa International Animation Festival,Annecy International Animation Festival,11
Tallinn Black Nights Film Festival,Dokufest International Documentary and Short Film Festival,11
Bilbao International Festival of Documentary and Short Films,Festival du Nouveau Cinéma,11
IndieLisboa International Independent Film Festival,Festival du Nouveau Cinéma,11
Bilbao International Festival of Documentary and Short Films,Annecy International Animation Festival,11
Toronto International Film Festival,Melbourne International Film Festival,10
Tallinn Black Nights Film Festival,Kurzfilm Festival Hamburg,10
Tallinn Black Nights Film Festival,Sitges - Catalonian International Film Festival,10
Seattle International Film Festival,Toronto International Film Festival,10
Ann Arbor Film Festival,Annecy International Animation Festival,10
Cannes Film Festival,Toronto International Film Festival,10
Encounters Short Film and Animation Festival,Singapore International Film Festival,10
Ghent Film Festival,Palm Springs International ShortFest,10
Internationale Kurzfilmtage Winterthur,Vancouver International Film Festival,10
Internationale Kurzfilmtage Winterthur,Athens International Film and Video Festival,10
Encounters Short Film and Animation Festival,Maryland Film Festival,10
Milwaukee International Film Festival,Annecy International Animation Festival,10
Tallinn Black Nights Film Festival,Sarajevo Film Festival,10
Encounters Short Film and Animation Festival,Go Short - International Short Film Festival Nijmegen,10
Encounters Short Film and Animation Festival,Athens International Film Festival,10
Cannes Film Festival,Festival du Nouveau Cinéma,10
Cannes Film Festival,Melbourne International Film Festival,10
FEST - New Directors / New Films,Helsinki International Film Festival - Love & Anarchy,10
Clermont-Ferrand International Short Film Festival,FEST - New Directors / New Films,10
Encounters Short Film and Animation Festival,Côté Court,10
SXSW Film Festival,Guanajuato International Film Festival,10
Clermont-Ferrand International Short Film Festival,Athens International Film and Video Festival,10
Encounters Short Film and Animation Festival,Mill Valley Film Festival,10
Encounters Short Film and Animation Festival,International Documentary Film Festival Amsterdam,10
Chéries-Chéris,Encounters Short Film and Animation Festival,10
Encounters Short Film and Animation Festival,Moscow International Film Festival,10
Dokufest International Documentary and Short Film Festival,Melbourne International Film Festival,10
Lima Alterna International Film Festival,Encounters Short Film and Animation Festival,10
Warsaw International Film Festival,Tallinn Black Nights Film Festival,10
Helsinki International Film Festival - Love & Anarchy,IndieLisboa International Independent Film Festival,10
Palm Springs International ShortFest,Hong Kong International Film Festival,10
Oberhausen International Short Film Festival,Guanajuato International Film Festival,10
Palm Springs International ShortFest,Curtas Vila do Conde International Film Festival,10
Locarno International Film Festival,Palm Springs International ShortFest,10
Encounters Short Film and Animation Festival,Valdivia International Film Festival,10
Sitges - Catalonian International Film Festival,Annecy International Animation Festival,10
Tallinn Black Nights Film Festival,Reykjavik International Film Festival,10
Palm Springs International ShortFest,Sarajevo Film Festival,10
Solothurn Film Festival,Annecy International Animation Festival,10
Locarno International Film Festival,Tallinn Black Nights Film Festival,10
Solothurn Film Festival,Locarno International Film Festival,10
Tallinn Black Nights Film Festival,Riga International Film Festival,10
DOK Leipzig,Festival du Nouveau Cinéma,10
Palm Springs International ShortFest,Raindance Film Festival,10
Guanajuato International Film Festival,Melbourne International Film Festival,10
Internationale Kurzfilmtage Winterthur,Ottawa International Animation Festival,9
Tallinn Black Nights Film Festival,Fantasia Film Festival,9
Dokufest International Documentary and Short Film Festival,Guanajuato International Film Festival,9
Clermont-Ferrand International Short Film Festival,Bilbao International Festival of Documentary and Short Films,9
Encounters Short Film and Animation Festival,Diagonale: Festival of Austrian Film,9
Bilbao International Festival of Documentary and Short Films,Kurzfilm Festival Hamburg,9
Clermont-Ferrand International Short Film Festival,DOK Leipzig,9
Cannes Film Festival,Internationale Kurzfilmtage Winterthur,9
Toronto International Film Festival,Annecy International Animation Festival,9
Encounters Short Film and Animation Festival,OFF - Odense International Film Festival,9
Milwaukee International Film Festival,Guanajuato International Film Festival,9
Ann Arbor Film Festival,Tallinn Black Nights Film Festival,9
AFI Fest,Milwaukee International Film Festival,9
FEST - New Directors / New Films,Dokufest International Documentary and Short Film Festival,9
Clermont-Ferrand International Short Film Festival,Côté Court,9
Encounters Short Film and Animation Festival,Miami International Film Festival,9
Seattle International Film Festival,Annecy International Animation Festival,9
São Paulo International Short Film Festival – Curta Kinoforum,Helsinki International Film Festival - Love & Anarchy,9
Encounters Short Film and Animation Festival,25FPS Festival,9
Palm Springs International ShortFest,Fantasia Film Festival,9
Reykjavik International Film Festival,Curtas Vila do Conde International Film Festival,9
Dokufest International Documentary and Short Film Festival,Kurzfilm Festival Hamburg,9
Encounters Short Film and Animation Festival,Las Palmas Film Festival,9
AFI Fest,Annecy International Animation Festival,9
AFI Fest,Toronto International Film Festival,9
Montreal International Documentary Festival,Encounters Short Film and Animation Festival,9
Locarno International Film Festival,Internationale Kurzfilmtage Winterthur,9
Clermont-Ferrand International Short Film Festival,International Film Festival Rotterdam,9
Encounters Short Film and Animation Festival,British Independent Film Awards,9
SXSW Film Festival,Milwaukee International Film Festival,9
Clermont-Ferrand International Short Film Festival,AFI Fest,9
AFI Fest,Internationale Kurzfilmtage Winterthur,9
Clermont-Ferrand International Short Film Festival,BFI London Film Festival,9
Encounters Short Film and Animation Festival,Brussels Short Film Festival,9
Helsinki International Film Festival - Love & Anarchy,Milwaukee International Film Festival,9
Krakow Film Festival,IndieLisboa International Independent Film Festival,9
Seattle International Film Festival,Sundance Film Festival,9
Vancouver International Film Festival,Annecy International Animation Festival,9
AFI Fest,Bilbao International Festival of Documentary and Short Films,9
AFI Fest,Athens International Film and Video Festival,9
New York Film Festival,Viennale,9
FEST - New Directors / New Films,Internationale Kurzfilmtage Winterthur,9
Melbourne International Film Festival,Annecy International Animation Festival,9
Seville European Film Festival,Helsinki International Film Festival - Love & Anarchy,9
AFI Fest,Guanajuato International Film Festival,9
Krakow Film Festival,Bilbao International Festival of Documentary and Short Films,9
São Paulo International Short Film Festival – Curta Kinoforum,Melbourne International Film Festival,9
Encounters Short Film and Animation Festival,San Sebastián International Film Festival,9
Seattle International Film Festival,SXSW Film Festival,9
Solothurn Film Festival,Guanajuato International Film Festival,9
Edinburgh International Film Festival,Annecy International Animation Festival,9
Clermont-Ferrand International Short Film Festival,Locarno International Film Festival,9
IndieLisboa International Independent Film Festival,DOK Leipzig,9
Guadalajara International Film Festival,Annecy International Animation Festival,9
Athens International Film and Video Festival,Curtas Vila do Conde International Film Festival,9
Encounters Short Film and Animation Festival,Philadelphia Film Festival,9
Krakow Film Festival,Helsinki International Film Festival - Love & Anarchy,9
Valladolid International Film Festival,Tallinn Black Nights Film Festival,9
Dokufest International Documentary and Short Film Festival,Festival du Nouveau Cinéma,9
BFI London Film Festival,Festival du Nouveau Cinéma,9
Ghent Film Festival,Tallinn Black Nights Film Festival,9
Clermont-Ferrand International Short Film Festival,Curtacinema - Rio de Janeiro International Short Film Festival,8
Solothurn Film Festival,Tallinn Black Nights Film Festival,8
Ghent Film Festival,Cannes Film Festival,8
Tallinn Black Nights Film Festival,Uppsala Short Film Festival,8
Internationale Kurzfilmtage Winterthur,Vilnius International Film Festival (Kino Pavasaris),8
Bilbao International Festival of Documentary and Short Films,Hong Kong International Film Festival,8
Cannes Film Festival,Helsinki International Film Festival - Love & Anarchy,8
Helsinki International Film Festival - Love & Anarchy,Sarajevo Film Festival,8
Valladolid International Film Festival,Palm Springs International ShortFest,8
Sundance Film Festival,Bilbao International Festival of Documentary and Short Films,8
Guanajuato International Film Festival,San Francisco International Film Festival,8
Clermont-Ferrand International Short Film Festival,Uppsala Short Film Festival,8
BFI London Film Festival,Melbourne International Film Festival,8
Palm Springs International ShortFest,Vilnius International Film Festival (Kino Pavasaris),8
Tallinn Black Nights Film Festival,Animafest Zagreb,8
Krakow Film Festival,Dokufest International Documentary and Short Film Festival,8
Festival du Nouveau Cinéma,Melbourne International Film Festival,8
Krakow Film Festival,Internationale Kurzfilmtage Winterthur,8
São Paulo International Short Film Festival – Curta Kinoforum,Curtas Vila do Conde International Film Festival,8
AFI Fest,Helsinki International Film Festival - Love & Anarchy,8
Guanajuato International Film Festival,BFI London Film Festival,8
Krakow Film Festival,Warsaw International Film Festival,8
Sundance Film Festival,Annecy International Animation Festival,8
Toronto International Film Festival,Milwaukee International Film Festival,8
Encounters Short Film and Animation Festival,Toronto Reel Asian Film Festival,8
IndieLisboa International Independent Film Festival,Curtas Vila do Conde International Film Festival,8
Athens International Film and Video Festival,Kurzfilm Festival Hamburg,8
SXSW Film Festival,Annecy International Animation Festival,8
Ghent Film Festival,Clermont-Ferrand International Short Film Festival,8
Palm Springs International ShortFest,Animafest Zagreb,8
Krakow Film Festival,Curtas Vila do Conde International Film Festival,8
Bilbao International Festival of Documentary and Short Films,Toronto International Film Festival,8
Palm Springs International ShortFest,Sitges - Catalonian International Film Festival,8
Palm Springs International ShortFest,Outfest: Los Angeles Gay & Lesbian Film Festival,8
Seattle International Film Festival,Athens International Film and Video Festival,8
IndieLisboa International Independent Film Festival,Melbourne International Film Festival,8
Ann Arbor Film Festival,Athens International Film and Video Festival,8
Helsinki International Film Festival - Love & Anarchy,Annecy International Animation Festival,8
Encounters Short Film and Animation Festival,Venice Film Festival,8
Encounters Short Film and Animation Festival,Leeds International Film Festival,8
Tallinn Black Nights Film Festival,European Film Awards,8
Valladolid International Film Festival,Festival du Nouveau Cinéma,8
Guanajuato International Film Festival,DOK Leipzig,8
Internationale Kurzfilmtage Winterthur,Riga International Film Festival,8
Clermont-Ferrand International Short Film Festival,Calgary International Film Festival,8
Clermont-Ferrand International Short Film Festival,Valladolid International Film Festival,8
Clermont-Ferrand International Short Film Festival,Sundance Film Festival,8
Chicago International Film Festival,Curtas Vila do Conde International Film Festival,8
Seville European Film Festival,Tallinn Black Nights Film Festival,8
Toronto International Film Festival,BFI London Film Festival,8
Clermont-Ferrand International Short Film Festival,Reykjavik International Film Festival,8
Ghent Film Festival,Internationale Kurzfilmtage Winterthur,8
Bilbao International Festival of Documentary and Short Films,Athens International Film and Video Festival,8
Helsinki International Film Festival - Love & Anarchy,Festival du Nouveau Cinéma,8
FIRST International Film Festival Xining,Encounters Short Film and Animation Festival,8
Clermont-Ferrand International Short Film Festival,Sarajevo Film Festival,8
Academy Awards,Encounters Short Film and Animation Festival,8
Chicago International Film Festival,Melbourne International Film Festival,8
FEST - New Directors / New Films,Festival du Nouveau Cinéma,8
Cannes Film Festival,Athens International Film and Video Festival,8
Palm Springs International ShortFest,Dokufest International Documentary and Short Film Festival,8
Seattle International Film Festival,Helsinki International Film Festival - Love & Anarchy,8
DOK Leipzig,Melbourne International Film Festival,8
Oberhausen International Short Film Festival,Festival du Nouveau Cinéma,8
Bilbao International Festival of Documentary and Short Films,Reykjavik International Film Festival,8
Encounters Short Film and Animation Festival,Tromsø International Film Festival,8
Palm Springs International ShortFest,Slamdance Film Festival,8
Clermont-Ferrand International Short Film Festival,Toronto International Film Festival,8
Encounters Short Film and Animation Festival,Karlovy Vary International Film Festival,8
Clermont-Ferrand International Short Film Festival,Vancouver International Film Festival,8
São Paulo International Short Film Festival – Curta Kinoforum,Festival du Nouveau Cinéma,8
Sarajevo Film Festival,Festival du Nouveau Cinéma,8
Seattle International Film Festival,Calgary International Film Festival,8
Bilbao International Festival of Documentary and Short Films,Curtas Vila do Conde International Film Festival,8
Athens International Film and Video Festival,Vancouver International Film Festival,8
Seattle International Film Festival,AFI Fest,8
Ottawa International Animation Festival,Hong Kong International Film Festival,8
Guadalajara International Film Festival,Palm Springs International ShortFest,8
Encounters Short Film and Animation Festival,Hot Docs Canadian International Documentary Festival,8
Encounters Short Film and Animation Festival,Sydney Film Festival,8
Krakow Film Festival,European Film Awards,8
Krakow Film Festival,Valladolid International Film Festival,7
Encounters Short Film and Animation Festival,São Paulo International Film Festival,7
São Paulo International Short Film Festival – Curta Kinoforum,Seville European Film Festival,7
Tampere Film Festival,Encounters Short Film and Animation Festival,7
Message to Man International Film Festival,Festival du Nouveau Cinéma,7
Sarajevo Film Festival,Curtas Vila do Conde International Film Festival,7
Sundance Film Festival,Internationale Kurzfilmtage Winterthur,7
Athens International Film and Video Festival,Dokufest International Documentary and Short Film Festival,7
IndieLisboa International Independent Film Festival,Vancouver International Film Festival,7
Athens International Film and Video Festival,Festival du Nouveau Cinéma,7
São Paulo International Short Film Festival – Curta Kinoforum,Annecy International Animation Festival,7
Helsinki International Film Festival - Love & Anarchy,Landshut Short Film Festival,7
Ghent Film Festival,Hong Kong International Film Festival,7
Chicago International Film Festival,Toronto International Film Festival,7
Palm Springs International ShortFest,Philadelphia Film Festival,7
Kurzfilm Festival Hamburg,Curtas Vila do Conde International Film Festival,7
Dokufest International Documentary and Short Film Festival,Vilnius International Film Festival (Kino Pavasaris),7
Seattle International Film Festival,Hong Kong International Film Festival,7
Ghent Film Festival,Festival du Nouveau Cinéma,7
Krakow Film Festival,Vancouver International Film Festival,7
Encounters Short Film and Animation Festival,Galway Film Fleadh,7
Sundance Film Festival,Melbourne International Film Festival,7
New Zealand International Film Festival,Encounters Short Film and Animation Festival,7
SXSW Film Festival,Melbourne International Film Festival,7
São Paulo International Short Film Festival – Curta Kinoforum,Guanajuato International Film Festival,7
Helsinki International Film Festival - Love & Anarchy,Toronto International Film Festival,7
Sundance Film Festival,Milwaukee International Film Festival,7
Fargo Film Festival,Encounters Short Film and Animation Festival,7
Kurzfilm Festival Hamburg,Vilnius International Film Festival (Kino Pavasaris),7
Helsinki International Film Festival - Love & Anarchy,Dokufest International Documentary and Short Film Festival,7
Clermont-Ferrand International Short Film Festival,Riga International Film Festival,7
Curtacinema - Rio de Janeiro International Short Film Festival,Festival du Nouveau Cinéma,7
Viennale,Curtas Vila do Conde International Film Festival,7
SXSW Film Festival,Chicago International Film Festival,7
Jerusalem Film Festival,Encounters Short Film and Animation Festival,7
Academy Awards,Palm Springs International ShortFest,7
Clermont-Ferrand International Short Film Festival,San Francisco International Film Festival,7
Chicago International Film Festival,Guanajuato International Film Festival,7
Ghent Film Festival,Dokufest International Documentary and Short Film Festival,7
Raindance Film Festival,Guanajuato International Film Festival,7
Oberhausen International Short Film Festival,IndieLisboa International Independent Film Festival,7
Helsinki International Film Festival - Love & Anarchy,Kurzfilm Festival Hamburg,7
Encounters Short Film and Animation Festival,Sheffield International Documentary Festival,7
Encounters Short Film and Animation Festival,Durban International Film Festival,7
Valladolid International Film Festival,Annecy International Animation Festival,7
Buenos Aires International Festival of Independent Cinema,Palm Springs International ShortFest,7
Krakow Film Festival,Athens International Film and Video Festival,7
Encounters Short Film and Animation Festival,London Critics Circle Film Awards,7
Palm Springs International ShortFest,Oberhausen International Short Film Festival,7
Ottawa International Animation Festival,Athens International Film and Video Festival,7
Krakow Film Festival,DOK Leipzig,7
Toronto International Film Festival,Hong Kong International Film Festival,7
Cannes Film Festival,Dokufest International Documentary and Short Film Festival,7
Kurzfilm Festival Hamburg,Festival du Nouveau Cinéma,7
Curtacinema - Rio de Janeiro International Short Film Festival,Palm Springs International ShortFest,7
Calgary International Film Festival,Milwaukee International Film Festival,7
Tallinn Black Nights Film Festival,International Film Festival Rotterdam,7
Hollyshorts Film Festival,Palm Springs International ShortFest,7
SXSW Film Festival,DOK Leipzig,7
Guanajuato International Film Festival,Cleveland International Film Festival,7
Curtacinema - Rio de Janeiro International Short Film Festival,Athens International Film and Video Festival,7
Palm Springs International ShortFest,Cleveland International Film Festival,7
Melbourne International Film Festival,International Film Festival Rotterdam,7
Internationale Kurzfilmtage Winterthur,Sarajevo Film Festival,7
AFI Fest,San Francisco International Film Festival,7
Encounters Short Film and Animation Festival,Santa Barbara International Film Festival,7
Cannes Film Festival,Stockholm International Film Festival,7
Locarno International Film Festival,IndieLisboa International Independent Film Festival,7
Sundance Film Festival,Tallinn Black Nights Film Festival,7
Clermont-Ferrand International Short Film Festival,Dublin International Film Festival,7
Clermont-Ferrand International Short Film Festival,Guadalajara International Film Festival,7
FEST - New Directors / New Films,AFI Fest,7
MIX Copenhagen LGBTQ+ Film Festival,Encounters Short Film and Animation Festival,7
SXSW Film Festival,San Francisco International Film Festival,7
Hong Kong International Film Festival,Melbourne International Film Festival,7
Uppsala Short Film Festival,Annecy International Animation Festival,7
Seattle International Film Festival,Vancouver International Film Festival,7
European Film Awards,Curtas Vila do Conde International Film Festival,7
Athens International Film and Video Festival,DOK Leipzig,7
Clermont-Ferrand International Short Film Festival,Cleveland International Film Festival,7
Ghent Film Festival,Toronto International Film Festival,7
New York Film Festival,IndieLisboa International Independent Film Festival,7
Tallinn Black Nights Film Festival,San Francisco International Film Festival,7
Encounters Short Film and Animation Festival,Sarasota Film Festival,7
Tallinn Black Nights Film Festival,Vilnius International Film Festival (Kino Pavasaris),7
Bilbao International Festival of Documentary and Short Films,DOK Leipzig,7
Ann Arbor Film Festival,Bilbao International Festival of Documentary and Short Films,7
Palm Springs International ShortFest,Stockholm International Film Festival,7
Palm Springs International ShortFest,Ottawa International Animation Festival,7
Internationale Kurzfilmtage Winterthur,Uppsala Short Film Festival,7
IndieLisboa International Independent Film Festival,International Film Festival Rotterdam,7
Krakow Film Festival,São Paulo International Short Film Festival – Curta Kinoforum,7
Bilbao International Festival of Documentary and Short Films,Dokufest International Documentary and Short Film Festival,7
Riga International Film Festival,Curtas Vila do Conde International Film Festival,7
Internationale Kurzfilmtage Winterthur,DOK Leipzig,7
Athens International Film and Video Festival,Milwaukee International Film Festival,7
Reykjavik International Film Festival,Festival du Nouveau Cinéma,7
Guanajuato International Film Festival,Curtas Vila do Conde International Film Festival,7
SXSW Film Festival,Athens International Film and Video Festival,7
Locarno International Film Festival,Guanajuato International Film Festival,7
Sarajevo Film Festival,Guanajuato International Film Festival,7
Buenos Aires International Festival of Independent Cinema,Helsinki International Film Festival - Love & Anarchy,7
Clermont-Ferrand International Short Film Festival,Oberhausen International Short Film Festival,7
Athens International Film and Video Festival,Melbourne International Film Festival,7
Ghent Film Festival,Helsinki International Film Festival - Love & Anarchy,7
Dokufest International Documentary and Short Film Festival,European Film Awards,7
Locarno International Film Festival,Festival du Nouveau Cinéma,7
Fantasia Film Festival,Melbourne International Film Festival,7
Helsinki International Film Festival - Love & Anarchy,Hong Kong International Film Festival,7
Bilbao International Festival of Documentary and Short Films,Helsinki International Film Festival - Love & Anarchy,7
Encounters Short Film and Animation Festival,Bergen International Film Festival,7
SXSW Film Festival,IndieLisboa International Independent Film Festival,6
Valladolid International Film Festival,Hong Kong International Film Festival,6
Ottawa International Animation Festival,Festival du Nouveau Cinéma,6
Milwaukee International Film Festival,Melbourne International Film Festival,6
Canadian Screen Awards,Encounters Short Film and Animation Festival,6
São Paulo International Short Film Festival – Curta Kinoforum,FEST - New Directors / New Films,6
Tallinn Black Nights Film Festival,Telluride Film Festival,6
Ann Arbor Film Festival,Dokufest International Documentary and Short Film Festival,6
Seville European Film Festival,Curtas Vila do Conde International Film Festival,6
Sundance Film Festival,AFI Fest,6
Animafest Zagreb,Annecy International Animation Festival,6
Guanajuato International Film Festival,Viennale,6
SXSW Film Festival,Internationale Kurzfilmtage Winterthur,6
Toronto International Film Festival,Athens International Film and Video Festival,6
Bilbao International Festival of Documentary and Short Films,European Film Awards,6
Palm Springs International ShortFest,Telluride Film Festival,6
Berlin International Film Festival,Reykjavik International Film Festival,6
Cannes Film Festival,SXSW Film Festival,6
Curtacinema - Rio de Janeiro International Short Film Festival,Locarno International Film Festival,6
Ann Arbor Film Festival,BFI London Film Festival,6
Guadalajara International Film Festival,Ottawa International Animation Festival,6
True/False Film Festival,Encounters Short Film and Animation Festival,6
International Film Festival Rotterdam,Curtas Vila do Conde International Film Festival,6
Calgary International Film Festival,Guanajuato International Film Festival,6
Helsinki International Film Festival - Love & Anarchy,Athens International Film and Video Festival,6
AFI Fest,Berlin International Film Festival,6
Solothurn Film Festival,Milan Film Festival,6
Sarajevo Film Festival,Annecy International Animation Festival,6
Encounters Short Film and Animation Festival,Mar del Plata International Film Festival,6
Leiden Shorts,Curtas Vila do Conde International Film Festival,6
Chéries-Chéris,Queer Lisboa,6
Reykjavik International Film Festival,Melbourne International Film Festival,6
New York Film Festival,Internationale Kurzfilmtage Winterthur,6
Ottawa International Animation Festival,Guanajuato International Film Festival,6
Clermont-Ferrand International Short Film Festival,SXSW Film Festival,6
Valladolid International Film Festival,Curtas Vila do Conde International Film Festival,6
Vilnius International Film Festival (Kino Pavasaris),Curtas Vila do Conde International Film Festival,6
Locarno International Film Festival,Bilbao International Festival of Documentary and Short Films,6
Encounters Short Film and Animation Festival,Florida Film Festival,6
New York Film Festival,Curtas Vila do Conde International Film Festival,6
Cannes Film Festival,FEST - New Directors / New Films,6
Ghent Film Festival,New York Film Festival,6
Clermont-Ferrand International Short Film Festival,Telluride Film Festival,6
AFI Fest,Vancouver International Film Festival,6
Palm Springs International ShortFest,Milan Film Festival,6
Seattle International Film Festival,Festival du Nouveau Cinéma,6
Toronto International Film Festival,Guanajuato International Film Festival,6
Clermont-Ferrand International Short Film Festival,Lima Alterna International Film Festival,6
Tallinn Black Nights Film Festival,Moscow International Film Festival,6
Helsinki International Film Festival - Love & Anarchy,Berlin International Film Festival,6
Valladolid International Film Festival,Vancouver International Film Festival,6
FEST - New Directors / New Films,Sarajevo Film Festival,6
Dokufest International Documentary and Short Film Festival,Vienna Shorts,6
Hong Kong International Film Festival,Festival du Nouveau Cinéma,6
Athens International Film and Video Festival,IndieLisboa International Independent Film Festival,6
Calgary International Film Festival,Annecy International Animation Festival,6
Hong Kong International Film Festival,Guanajuato International Film Festival,6
Internationale Kurzfilmtage Winterthur,Toronto International Film Festival,6
Hong Kong International Film Festival,Milwaukee International Film Festival,6
AFI Fest,Hong Kong International Film Festival,6
Toronto International Film Festival,Vancouver International Film Festival,6
Seattle International Film Festival,BFI London Film Festival,6
Hong Kong International Film Festival,Curtas Vila do Conde International Film Festival,6
Guadalajara International Film Festival,Melbourne International Film Festival,6
New York Film Festival,International Film Festival Rotterdam,6
Palm Springs International ShortFest,Côté Court,6
FEST - New Directors / New Films,Curtas Vila do Conde International Film Festival,6
Encounters Short Film and Animation Festival,Nordisk Panorama,6
IndieLisboa International Independent Film Festival,Viennale,6
Clermont-Ferrand International Short Film Festival,Kurzfilm Festival Hamburg,6
Tallinn Black Nights Film Festival,Stockholm International Film Festival,6
Helsinki International Film Festival - Love & Anarchy,Vilnius International Film Festival (Kino Pavasaris),6
Ottawa International Animation Festival,IndieLisboa International Independent Film Festival,6
Solothurn Film Festival,Internationale Kurzfilmtage Winterthur,6
Dokufest International Documentary and Short Film Festival,Viennale,6
Cannes Film Festival,AFI Fest,6
AFI Fest,Chicago International Film Festival,6
Ghent Film Festival,Athens International Film and Video Festival,6
Vienna Shorts,Curtas Vila do Conde International Film Festival,6
Seattle International Film Festival,Bilbao International Festival of Documentary and Short Films,6
IndieLisboa International Independent Film Festival,Kurzfilm Festival Hamburg,6
Buenos Aires International Festival of Independent Cinema,Tallinn Black Nights Film Festival,6
Uppsala Short Film Festival,DOK Leipzig,6
Warsaw International Film Festival,Palm Springs International ShortFest,6
Encounters Short Film and Animation Festival,Transilvania International Film Festival,6
Ann Arbor Film Festival,DOK Leipzig,6
Göteborg Film Festival,Encounters Short Film and Animation Festival,6
Reykjavik International Film Festival,Guanajuato International Film Festival,6
Bilbao International Festival of Documentary and Short Films,Milwaukee International Film Festival,6
Palm Springs International ShortFest,Riga International Film Festival,6
Tallinn Black Nights Film Festival,Slamdance Film Festival,6
Encounters Short Film and Animation Festival,Angers European First Film Festival,6
Krakow Film Festival,Hong Kong International Film Festival,6
OFF - Odense International Film Festival,Internationale Kurzfilmtage Winterthur,6
Clermont-Ferrand International Short Film Festival,Edinburgh International Film Festival,6
Palm Springs International ShortFest,Miami International Film Festival,6
Internationale Kurzfilmtage Winterthur,BFI London Film Festival,6
Dokufest International Documentary and Short Film Festival,Las Palmas Film Festival,6
Hong Kong International Film Festival,DOK Leipzig,6
Ghent Film Festival,Sarajevo Film Festival,6
Cinequest San Jose Film Festival,Encounters Short Film and Animation Festival,6
Curtacinema - Rio de Janeiro International Short Film Festival,Internationale Kurzfilmtage Winterthur,6
Helsinki International Film Festival - Love & Anarchy,Philadelphia Film Festival,6
Guanajuato International Film Festival,Sitges - Catalonian International Film Festival,6
Seattle International Film Festival,Locarno International Film Festival,6
Seattle International Film Festival,Internationale Kurzfilmtage Winterthur,6
BFI London Film Festival,Curtas Vila do Conde International Film Festival,6
Helsinki International Film Festival - Love & Anarchy,Queer Lisboa,6
Warsaw International Film Festival,Annecy International Animation Festival,6
Cannes Film Festival,Sarajevo Film Festival,6
Solothurn Film Festival,Krakow Film Festival,6
Ghent Film Festival,Valladolid International Film Festival,6
Locarno International Film Festival,Curtas Vila do Conde International Film Festival,6
Encounters Short Film and Animation Festival,Filmfestival Max Ophüls Preis,6
Helsinki International Film Festival - Love & Anarchy,Oberhausen International Short Film Festival,6
Toronto International Film Festival,Stockholm International Film Festival,6
Seattle International Film Festival,Kurzfilm Festival Hamburg,6
Bilbao International Festival of Documentary and Short Films,IndieLisboa International Independent Film Festival,6
Outfest: Los Angeles Gay & Lesbian Film Festival,Frameline: San Francisco International LGBTQ Film Festival,6
Valladolid International Film Festival,Guanajuato International Film Festival,6
Internationale Kurzfilmtage Winterthur,Milwaukee International Film Festival,6
FEST - New Directors / New Films,Athens International Film and Video Festival,6
Warsaw International Film Festival,Guanajuato International Film Festival,6
Toronto International Film Festival,DOK Leipzig,6
Hong Kong International Film Festival,Athens International Film and Video Festival,6
Encounters Short Film and Animation Festival,Cinéma du Réel,6
Irish Film and Television Awards,Encounters Short Film and Animation Festival,6
Encounters Short Film and Animation Festival,Hawaii International Film Festival,6
Krakow Film Festival,Edinburgh International Film Festival,6
Tallinn Black Nights Film Festival,Raindance Film Festival,6
Cannes Film Festival,Guanajuato International Film Festival,6
Chicago International Film Festival,Helsinki International Film Festival - Love & Anarchy,6
Sundance Film Festival,SXSW Film Festival,6
Las Palmas Film Festival,Curtas Vila do Conde International Film Festival,6
Krakow Film Festival,Ann Arbor Film Festival,6
Ghent Film Festival,Ann Arbor Film Festival,6
Internationale Kurzfilmtage Winterthur,European Film Awards,6
Palm Springs International ShortFest,Frameline: San Francisco International LGBTQ Film Festival,6
Porto/Post/Doc,Encounters Short Film and Animation Festival,6
Encounters Short Film and Animation Festival,Inside Out Toronto LGBT Film Festival,5
Singapore International Film Festival,Festival du Nouveau Cinéma,5
Seattle International Film Festival,DOK Leipzig,5
Cartagena Film Festival,Encounters Short Film and Animation Festival,5
AFI Fest,Ottawa International Animation Festival,5
Chicago International Film Festival,Annecy International Animation Festival,5
AFI Fest,Sarajevo Film Festival,5
Solothurn Film Festival,IndieLisboa International Independent Film Festival,5
Cannes Film Festival,Milwaukee International Film Festival,5
Ann Arbor Film Festival,Palm Springs International ShortFest,5
Palm Springs International ShortFest,Kurzfilm Festival Hamburg,5
Tallinn Black Nights Film Festival,Outfest: Los Angeles Gay & Lesbian Film Festival,5
Krakow Film Festival,Slamdance Film Festival,5
Locarno International Film Festival,Vancouver International Film Festival,5
Krakow Film Festival,Uppsala Short Film Festival,5
San Francisco International Film Festival,Annecy International Animation Festival,5
Viennale,BFI London Film Festival,5
Tallinn Black Nights Film Festival,Queer Lisboa,5
Krakow Film Festival,Kurzfilm Festival Hamburg,5
Tallinn Black Nights Film Festival,Go Short - International Short Film Festival Nijmegen,5
Guadalajara International Film Festival,Hong Kong International Film Festival,5
Ghent Film Festival,Telluride Film Festival,5
Beijing International Short Film Festival,Annecy International Animation Festival,5
Milwaukee International Film Festival,Landshut Short Film Festival,5
Palm Springs International ShortFest,Athens International Film Festival,5
New York Film Festival,Guanajuato International Film Festival,5
Sundance Film Festival,Helsinki International Film Festival - Love & Anarchy,5
Internationale Kurzfilmtage Winterthur,Queer Lisboa,5
Milwaukee International Film Festival,San Francisco International Film Festival,5
Internationale Kurzfilmtage Winterthur,Hong Kong International Film Festival,5
SXSW Film Festival,Toronto International Film Festival,5
Curtacinema - Rio de Janeiro International Short Film Festival,IndieLisboa International Independent Film Festival,5
Warsaw International Film Festival,Bilbao International Festival of Documentary and Short Films,5
São Paulo International Short Film Festival – Curta Kinoforum,Buenos Aires International Festival of Independent Cinema,5
Uppsala Short Film Festival,Curtas Vila do Conde International Film Festival,5
Cannes Film Festival,Reykjavik International Film Festival,5
Dokufest International Documentary and Short Film Festival,Leiden Shorts,5
Berwick Film & Media Arts Festival,Encounters Short Film and Animation Festival,5
New York Film Festival,Dokufest International Documentary and Short Film Festival,5
Krakow Film Festival,Milwaukee International Film Festival,5
Sarajevo Film Festival,Riga International Film Festival,5
Palm Springs International ShortFest,International Film Festival Rotterdam,5
Athens International Film and Video Festival,Cinéma du Réel,5
Chicago International Film Festival,Athens International Film and Video Festival,5
Guadalajara International Film Festival,Athens International Film and Video Festival,5
Helsinki International Film Festival - Love & Anarchy,Frameline: San Francisco International LGBTQ Film Festival,5
Encounters Short Film and Animation Festival,San Diego International Film Festival,5
Dokufest International Documentary and Short Film Festival,IndieLisboa International Independent Film Festival,5
Clermont-Ferrand International Short Film Festival,Chicago International Film Festival,5
Kurzfilm Festival Hamburg,International Film Festival Rotterdam,5
Dokufest International Documentary and Short Film Festival,BFI London Film Festival,5
Slamdance Film Festival,DOK Leipzig,5
Tallinn Black Nights Film Festival,Venice Film Festival,5
Uppsala Short Film Festival,Hong Kong International Film Festival,5
FEST - New Directors / New Films,Landshut Short Film Festival,5
Locarno International Film Festival,Annecy International Animation Festival,5
Palm Springs International ShortFest,Landshut Short Film Festival,5
Encounters Short Film and Animation Festival,Experimental Film and Video Festival in Seoul,5
Clermont-Ferrand International Short Film Festival,European Film Awards,5
SXSW Film Festival,Outfest: Los Angeles Gay & Lesbian Film Festival,5
New York Film Festival,BFI London Film Festival,5
San Francisco International Film Festival,BFI London Film Festival,5
Ghent Film Festival,Stockholm International Film Festival,5
Calgary International Film Festival,Vancouver International Film Festival,5
FEST - New Directors / New Films,Milwaukee International Film Festival,5
Chicago International Film Festival,BFI London Film Festival,5
Encounters Short Film and Animation Festival,Cairo International Film Festival,5
Ghent Film Festival,Bilbao International Festival of Documentary and Short Films,5
FEST - New Directors / New Films,Kurzfilm Festival Hamburg,5
Viennale,International Film Festival Rotterdam,5
New York Film Festival,Kurzfilm Festival Hamburg,5
Kurzfilm Festival Hamburg,Melbourne International Film Festival,5
Ghent Film Festival,São Paulo International Short Film Festival – Curta Kinoforum,5
Ghent Film Festival,Leiden Shorts,5
Palm Springs International ShortFest,Shorts México,5
São Paulo International Short Film Festival – Curta Kinoforum,Athens International Film and Video Festival,5
FEST - New Directors / New Films,Bilbao International Festival of Documentary and Short Films,5
Athens International Film and Video Festival,Sitges - Catalonian International Film Festival,5
São Paulo International Short Film Festival – Curta Kinoforum,Valladolid International Film Festival,5
Tallinn Black Nights Film Festival,Rome Independent Film Festival,5
Go Short - International Short Film Festival Nijmegen,Curtas Vila do Conde International Film Festival,5
Berlin International Film Festival,BFI London Film Festival,5
Ottawa International Animation Festival,Milwaukee International Film Festival,5
Kurzfilm Festival Hamburg,Landshut Short Film Festival,5
Melbourne International Film Festival,Stockholm International Film Festival,5
Ghent Film Festival,IndieLisboa International Independent Film Festival,5
Encounters Short Film and Animation Festival,Golden Horse Film Festival,5
Camerimage,Encounters Short Film and Animation Festival,5
Chicago International Film Festival,Locarno International Film Festival,5
Encounters Short Film and Animation Festival,Cork International Film Festival,5
Clermont-Ferrand International Short Film Festival,Academy Awards,5
Clermont-Ferrand International Short Film Festival,César Awards,5
Internationale Kurzfilmtage Winterthur,Oberhausen International Short Film Festival,5
Athens International Film and Video Festival,BFI London Film Festival,5
Off-Courts Trouville,Encounters Short Film and Animation Festival,5
Seattle International Film Festival,IndieLisboa International Independent Film Festival,5
MIX Copenhagen LGBTQ+ Film Festival,Outfest: Los Angeles Gay & Lesbian Film Festival,5
Sarajevo Film Festival,Athens International Film and Video Festival,5
BFI London Film Festival,Annecy International Animation Festival,5
FEST - New Directors / New Films,Annecy International Animation Festival,5
São Paulo International Short Film Festival – Curta Kinoforum,Locarno International Film Festival,5
DocumentaMadrid,Encounters Short Film and Animation Festival,5
Ghent Film Festival,Reykjavik International Film Festival,5
Krakow Film Festival,Seville European Film Festival,5
FEST - New Directors / New Films,IndieLisboa International Independent Film Festival,5
Tallinn Black Nights Film Festival,Milan Film Festival,5
Festival du Nouveau Cinéma,Vilnius International Film Festival (Kino Pavasaris),5
AFI Fest,Festival du Nouveau Cinéma,5
Tallinn Black Nights Film Festival,Oberhausen International Short Film Festival,5
AFI Fest,Curtas Vila do Conde International Film Festival,5
Guanajuato International Film Festival,Milan Film Festival,5
Vancouver International Film Festival,BFI London Film Festival,5
Kurzfilm Festival Hamburg,Viennale,5
Riga International Film Festival,Festival du Nouveau Cinéma,5
São Paulo International Short Film Festival – Curta Kinoforum,IndieLisboa International Independent Film Festival,5
Clermont-Ferrand International Short Film Festival,Raindance Film Festival,5
Seattle International Film Festival,San Francisco International Film Festival,5
Clermont-Ferrand International Short Film Festival,Jerusalem Film Festival,5
Edinburgh International Film Festival,Palm Springs International ShortFest,5
Kurzfilm Festival Hamburg,Annecy International Animation Festival,5
Uppsala Short Film Festival,IndieLisboa International Independent Film Festival,5
Krakow Film Festival,Melbourne International Film Festival,5
AFI Fest,BFI London Film Festival,5
Berlin International Film Festival,Melbourne International Film Festival,5
Uppsala Short Film Festival,Dokufest International Documentary and Short Film Festival,5
Slamdance Film Festival,Annecy International Animation Festival,5
Seattle International Film Festival,São Paulo International Short Film Festival – Curta Kinoforum,5
Jerusalem Film Festival,Palm Springs International ShortFest,5
Warsaw International Film Festival,Chicago International Film Festival,5
Tallinn Black Nights Film Festival,Beijing International Short Film Festival,5
Encounters Short Film and Animation Festival,Shorts México,5
São Paulo International Short Film Festival – Curta Kinoforum,International Film Festival Rotterdam,5
Edinburgh International Film Festival,Festival du Nouveau Cinéma,5
Chicago International Film Festival,Dokufest International Documentary and Short Film Festival,5
Encounters Short Film and Animation Festival,BFI Flare: London LGBTIQ+ Film Festival,5
Curtacinema - Rio de Janeiro International Short Film Festival,Milan Film Festival,5
DOK Leipzig,European Film Awards,5
Helsinki International Film Festival - Love & Anarchy,Calgary International Film Festival,5
Milwaukee International Film Festival,Curtas Vila do Conde International Film Festival,5
Clermont-Ferrand International Short Film Festival,Go Short - International Short Film Festival Nijmegen,5
SXSW Film Festival,Sarajevo Film Festival,5
Milwaukee International Film Festival,Fantasia Film Festival,5
Seville European Film Festival,Moscow International Film Festival,5
São Paulo International Short Film Festival – Curta Kinoforum,Internationale Kurzfilmtage Winterthur,5
Seville European Film Festival,Annecy International Animation Festival,5
New Directors New Films,Encounters Short Film and Animation Festival,5
Curtacinema - Rio de Janeiro International Short Film Festival,Bilbao International Festival of Documentary and Short Films,5
Athens International Film and Video Festival,San Francisco International Film Festival,5
Dokufest International Documentary and Short Film Festival,DOK Leipzig,5
Bilbao International Festival of Documentary and Short Films,Melbourne International Film Festival,5
AFI Fest,Telluride Film Festival,5
FEST - New Directors / New Films,Ottawa International Animation Festival,5
European Film Awards,Festival du Nouveau Cinéma,5
Tallinn Black Nights Film Festival,San Sebastián International Film Festival,5
Clermont-Ferrand International Short Film Festival,Vilnius International Film Festival (Kino Pavasaris),5
Ottawa International Animation Festival,DOK Leipzig,5
Krakow Film Festival,Locarno International Film Festival,5
Bilbao International Festival of Documentary and Short Films,Vancouver International Film Festival,5
Tallinn Black Nights Film Festival,Leiden Shorts,5
Helsinki International Film Festival - Love & Anarchy,International Film Festival Rotterdam,5
Seattle International Film Festival,Melbourne International Film Festival,5
Ghent Film Festival,San Sebastián International Film Festival,5
Encounters Short Film and Animation Festival,New Horizons International Film Festival,5
Athens International Film and Video Festival,Reykjavik International Film Festival,5
Ghent Film Festival,European Film Awards,5
Seville European Film Festival,Guanajuato International Film Festival,5
Academy Awards,Tallinn Black Nights Film Festival,5
Berlin International Film Festival,Festival du Nouveau Cinéma,5
Encounters Short Film and Animation Festival,Shanghai International Film Festival,5
Tallinn Black Nights Film Festival,Berlin International Film Festival,5
Sitges - Catalonian International Film Festival,Melbourne International Film Festival,5
Ann Arbor Film Festival,Guanajuato International Film Festival,5
Bilbao International Festival of Documentary and Short Films,Ottawa International Animation Festival,5
Bilbao International Festival of Documentary and Short Films,Uppsala Short Film Festival,5
Festival du Nouveau Cinéma,Milan Film Festival,5
Helsinki International Film Festival - Love & Anarchy,Nordisk Panorama,5
Cannes Film Festival,Chicago International Film Festival,5
Clermont-Ferrand International Short Film Festival,OFF - Odense International Film Festival,5
Tallinn Black Nights Film Festival,Vienna Shorts,5
Cannes Film Festival,BFI London Film Festival,5
Ottawa International Animation Festival,Kurzfilm Festival Hamburg,5
Helsinki International Film Festival - Love & Anarchy,European Film Awards,5
SXSW Film Festival,Sitges - Catalonian International Film Festival,5
Buenos Aires International Festival of Independent Cinema,Guanajuato International Film Festival,5
AFI Fest,DOK Leipzig,5
New York Film Festival,Melbourne International Film Festival,5
Guanajuato International Film Festival,Mill Valley Film Festival,5
Sundance Film Festival,Toronto International Film Festival,5
Riga International Film Festival,Melbourne International Film Festival,5
Seville European Film Festival,Reykjavik International Film Festival,5
Sundance Film Festival,Calgary International Film Festival,5
SXSW Film Festival,AFI Fest,5
Milwaukee International Film Festival,Frameline: San Francisco International LGBTQ Film Festival,5
Oberhausen International Short Film Festival,Vilnius International Film Festival (Kino Pavasaris),5
FEST - New Directors / New Films,International Film Festival Rotterdam,5
Annecy International Animation Festival,Curtas Vila do Conde International Film Festival,5
Athens International Film and Video Festival,International Film Festival Rotterdam,5
Riga International Film Festival,IndieLisboa International Independent Film Festival,5
Locarno International Film Festival,Uppsala Short Film Festival,5
Ann Arbor Film Festival,Internationale Kurzfilmtage Winterthur,5
FEST - New Directors / New Films,DOK Leipzig,5
Tallinn Black Nights Film Festival,Dublin International Film Festival,5
Curtacinema - Rio de Janeiro International Short Film Festival,Melbourne International Film Festival,5
Curtacinema - Rio de Janeiro International Short Film Festival,Vancouver International Film Festival,5
Visions du Réel,Encounters Short Film and Animation Festival,5
Helsinki International Film Festival - Love & Anarchy,Riga International Film Festival,5
Palm Springs International ShortFest,Tribeca Film Festival,5
Tallinn Black Nights Film Festival,Athens International Film Festival,5
Helsinki International Film Festival - Love & Anarchy,Moscow International Film Festival,5
Palm Springs International ShortFest,Uppsala Short Film Festival,5
Locarno International Film Festival,DOK Leipzig,5
MIX Copenhagen LGBTQ+ Film Festival,Queer Lisboa,5
Outfest: Los Angeles Gay & Lesbian Film Festival,Queer Lisboa,5
Clermont-Ferrand International Short Film Festival,Solothurn Film Festival,5
Ghent Film Festival,Riga International Film Festival,5
Bilbao International Festival of Documentary and Short Films,Telluride Film Festival,5
Camden International Film Festival,Encounters Short Film and Animation Festival,5
RiverRun International Film Festival,Encounters Short Film and Animation Festival,5
Chicago International Film Festival,Stockholm International Film Festival,5
Diagonale: Festival of Austrian Film,Festival du Nouveau Cinéma,5
Valladolid International Film Festival,Dokufest International Documentary and Short Film Festival,5
FEST - New Directors / New Films,Reykjavik International Film Festival,5
SXSW Film Festival,Calgary International Film Festival,5
Dokufest International Documentary and Short Film Festival,Cinéma du Réel,5
New York Film Festival,Toronto International Film Festival,5
São Paulo International Short Film Festival – Curta Kinoforum,Toronto International Film Festival,5
Solothurn Film Festival,Bilbao International Festival of Documentary and Short Films,5
Internationale Kurzfilmtage Winterthur,Leiden Shorts,5
Jerusalem Film Festival,Tallinn Black Nights Film Festival,5
BFI London Film Festival,Stockholm International Film Festival,5
Encounters Short Film and Animation Festival,César Awards,5
Curtacinema - Rio de Janeiro International Short Film Festival,Curtas Vila do Conde International Film Festival,5
Valladolid International Film Festival,Helsinki International Film Festival - Love & Anarchy,5
Helsinki International Film Festival - Love & Anarchy,Ottawa International Animation Festival,5
Outfest: Los Angeles Gay & Lesbian Film Festival,Milwaukee International Film Festival,5
Guadalajara International Film Festival,IndieLisboa International Independent Film Festival,5
São Paulo International Short Film Festival – Curta Kinoforum,BFI London Film Festival,5
Ann Arbor Film Festival,IndieLisboa International Independent Film Festival,5
Seattle International Film Festival,Landshut Short Film Festival,5
Encounters Short Film and Animation Festival,Los Angeles Asian Pacific Film Festival - VC Film Fest,5
Leiden Shorts,Melbourne International Film Festival,5
IndieLisboa International Independent Film Festival,BFI London Film Festival,5
Dokufest International Documentary and Short Film Festival,International Film Festival Rotterdam,5
Internationale Kurzfilmtage Winterthur,Reykjavik International Film Festival,5
Guanajuato International Film Festival,Vilnius International Film Festival (Kino Pavasaris),5
Brooklyn Film Festival,Tallinn Black Nights Film Festival,5
Warsaw International Film Festival,DOK Leipzig,5
AFI Fest,Reykjavik International Film Festival,5
Internationale Kurzfilmtage Winterthur,25FPS Festival,4
Cartagena Film Festival,Palm Springs International ShortFest,4
Telluride Film Festival,Melbourne International Film Festival,4
Sarajevo Film Festival,San Francisco International Film Festival,4
Thessaloniki Film Festival,Athens International Film Festival,4
Milwaukee International Film Festival,Mill Valley Film Festival,4
Internationale Kurzfilmtage Winterthur,Fantasia Film Festival,4
True/False Film Festival,Dokufest International Documentary and Short Film Festival,4
Ghent Film Festival,Guanajuato International Film Festival,4
Vancouver International Film Festival,Viennale,4
Clermont-Ferrand International Short Film Festival,Queer Lisboa,4
Reykjavik International Film Festival,Milwaukee International Film Festival,4
Montreal International Documentary Festival,Dokufest International Documentary and Short Film Festival,4
Encounters Short Film and Animation Festival,It's All True - International Documentary Festival,4
Whistler Film Festival,Encounters Short Film and Animation Festival,4
Beijing International Short Film Festival,Curtas Vila do Conde International Film Festival,4
Helsinki International Film Festival - Love & Anarchy,Fantasia Film Festival,4
San Sebastián International Film Festival,Curtas Vila do Conde International Film Festival,4
Cannes Film Festival,Riga International Film Festival,4
Queer Lisboa,Curtas Vila do Conde International Film Festival,4
OFF - Odense International Film Festival,Helsinki International Film Festival - Love & Anarchy,4
AFI Fest,Melbourne International Film Festival,4
25FPS Festival,Kurzfilm Festival Hamburg,4
Tirana International Film Festival,Curtas Vila do Conde International Film Festival,4
São Paulo International Short Film Festival – Curta Kinoforum,Hong Kong International Film Festival,4
Seattle International Film Festival,Curtas Vila do Conde International Film Festival,4
Encounters Short Film and Animation Festival,Seattle Queer Film Festival,4
Chicago International Film Festival,Bilbao International Festival of Documentary and Short Films,4
Tallinn Black Nights Film Festival,Côté Court,4
Seattle International Film Festival,Guadalajara International Film Festival,4
Bilbao International Festival of Documentary and Short Films,Viennale,4
Milwaukee International Film Festival,Côté Court,4
Uppsala Short Film Festival,Vancouver International Film Festival,4
Guadalajara International Film Festival,Calgary International Film Festival,4
Go Short - International Short Film Festival Nijmegen,Melbourne International Film Festival,4
Hollyshorts Film Festival,Guanajuato International Film Festival,4
Krakow Film Festival,SXSW Film Festival,4
Ann Arbor Film Festival,Kurzfilm Festival Hamburg,4
Ottawa International Animation Festival,Melbourne International Film Festival,4
Montreal International Documentary Festival,Cinéma du Réel,4
Clermont-Ferrand International Short Film Festival,Fantasia Film Festival,4
Seville European Film Festival,Palm Springs International ShortFest,4
Curtacinema - Rio de Janeiro International Short Film Festival,Milwaukee International Film Festival,4
Encounters Short Film and Animation Festival,Pink Screens,4
Calgary International Film Festival,Melbourne International Film Festival,4
British Independent Film Awards,BAFTA Awards,4
Clermont-Ferrand International Short Film Festival,Milan Film Festival,4
Tallinn Black Nights Film Festival,Sarasota Film Festival,4
Guadalajara International Film Festival,Festival du Nouveau Cinéma,4
Seattle International Film Festival,Cleveland International Film Festival,4
Encounters Short Film and Animation Festival,Filmfest Bremen,4
Toronto International Film Festival,Kurzfilm Festival Hamburg,4
Krakow Film Festival,Chicago International Film Festival,4
Pesaro International Festival of New Cinema,Encounters Short Film and Animation Festival,4
SXSW Film Festival,Guadalajara International Film Festival,4
FEST - New Directors / New Films,Vancouver International Film Festival,4
Ghent Film Festival,Locarno International Film Festival,4
Clermont-Ferrand International Short Film Festival,Outfest: Los Angeles Gay & Lesbian Film Festival,4
Berlin International Film Festival,IndieLisboa International Independent Film Festival,4
Sundance Film Festival,Vancouver International Film Festival,4
Ghent Film Festival,Berlin International Film Festival,4
Milwaukee International Film Festival,DOK Leipzig,4
Milwaukee International Film Festival,Kurzfilm Festival Hamburg,4
Dokufest International Documentary and Short Film Festival,Annecy International Animation Festival,4
Camden International Film Festival,International Film Festival Rotterdam,4
Seattle International Film Festival,Sitges - Catalonian International Film Festival,4
Oberhausen International Short Film Festival,Melbourne International Film Festival,4
Ghent Film Festival,Vilnius International Film Festival (Kino Pavasaris),4
Uppsala Short Film Festival,Guanajuato International Film Festival,4
Seattle International Film Festival,Telluride Film Festival,4
Curtacinema - Rio de Janeiro International Short Film Festival,Guanajuato International Film Festival,4
Raindance Film Festival,Athens International Film and Video Festival,4
Encounters Short Film and Animation Festival,Beyond Fest,4
Riga International Film Festival,Dokufest International Documentary and Short Film Festival,4
Cannes Film Festival,Outfest: Los Angeles Gay & Lesbian Film Festival,4
Kurzfilm Festival Hamburg,Vienna Shorts,4
Toronto International Film Festival,Reykjavik International Film Festival,4
Palm Springs International ShortFest,Moscow International Film Festival,4
Message to Man International Film Festival,Toronto International Film Festival,4
Beijing International Short Film Festival,DOK Leipzig,4
Palm Springs International ShortFest,Sarasota Film Festival,4
Adelaide Film Festival,Melbourne International Film Festival,4
DOK Leipzig,Vilnius International Film Festival (Kino Pavasaris),4
Vienna Shorts,Annecy International Animation Festival,4
Hollyshorts Film Festival,SXSW Film Festival,4
Athens International Film Festival,Curtas Vila do Conde International Film Festival,4
Moscow International Film Festival,Curtas Vila do Conde International Film Festival,4
Krakow Film Festival,Animafest Zagreb,4
San Francisco International Film Festival,Melbourne International Film Festival,4
Sarajevo Film Festival,Melbourne International Film Festival,4
Sundance Film Festival,Philadelphia Film Festival,4
Curtacinema - Rio de Janeiro International Short Film Festival,Uppsala Short Film Festival,4
New York Film Festival,Reykjavik International Film Festival,4
AFI Fest,Raindance Film Festival,4
Brooklyn Film Festival,Krakow Film Festival,4
AFI Fest,Queer Lisboa,4
Oberhausen International Short Film Festival,Dokufest International Documentary and Short Film Festival,4
Tallinn Black Nights Film Festival,Philadelphia Film Festival,4
Annecy International Animation Festival,Mill Valley Film Festival,4
Clermont-Ferrand International Short Film Festival,Brussels Short Film Festival,4
Queer Lisboa,Guanajuato International Film Festival,4
Ann Arbor Film Festival,AFI Fest,4
Encounters Short Film and Animation Festival,Hof International Film Festival,4
Helsinki International Film Festival - Love & Anarchy,Sitges - Catalonian International Film Festival,4
Melbourne International Film Festival,Las Palmas Film Festival,4
Helsinki International Film Festival - Love & Anarchy,Vienna Shorts,4
Hollyshorts Film Festival,BAFTA Awards,4
Clermont-Ferrand International Short Film Festival,Seville European Film Festival,4
Valladolid International Film Festival,IndieLisboa International Independent Film Festival,4
Internationale Kurzfilmtage Winterthur,Go Short - International Short Film Festival Nijmegen,4
DOK Leipzig,Vancouver International Film Festival,4
Bilbao International Festival of Documentary and Short Films,International Film Festival Rotterdam,4
Ottawa International Animation Festival,Sitges - Catalonian International Film Festival,4
Vancouver International Film Festival,Leiden Shorts,4
Krakow Film Festival,Canadian Screen Awards,4
Curtacinema - Rio de Janeiro International Short Film Festival,Edinburgh International Film Festival,4
Uppsala Short Film Festival,Athens International Film and Video Festival,4
SXSW Film Festival,Uppsala Short Film Festival,4
Chicago International Film Festival,Internationale Kurzfilmtage Winterthur,4
Berlin International Film Festival,Annecy International Animation Festival,4
Clermont-Ferrand International Short Film Festival,San Sebastián International Film Festival,4
Ann Arbor Film Festival,Hong Kong International Film Festival,4
Toronto International Film Festival,Dokufest International Documentary and Short Film Festival,4
Milwaukee International Film Festival,Vancouver International Film Festival,4
Montclair Film Festival,Encounters Short Film and Animation Festival,4
Solothurn Film Festival,Palm Springs International ShortFest,4
Vancouver International Film Festival,Melbourne International Film Festival,4
Festival du Nouveau Cinéma,Tirana International Film Festival,4
Cannes Film Festival,Calgary International Film Festival,4
Internationale Kurzfilmtage Winterthur,Vienna Shorts,4
Diagonale: Festival of Austrian Film,Filmfestival Max Ophüls Preis,4
FEST - New Directors / New Films,Berlin International Film Festival,4
Dokufest International Documentary and Short Film Festival,Vancouver International Film Festival,4
Diagonale: Festival of Austrian Film,Dokufest International Documentary and Short Film Festival,4
Krakow Film Festival,Reykjavik International Film Festival,4
Encounters Short Film and Animation Festival,Norwegian International Film Festival,4
Guadalajara International Film Festival,Animafest Zagreb,4
Kurzfilm Festival Hamburg,European Film Awards,4
Queer Lisboa,Frameline: San Francisco International LGBTQ Film Festival,4
Cinéma du Réel,Curtas Vila do Conde International Film Festival,4
Valladolid International Film Festival,Toronto International Film Festival,4
Annecy International Animation Festival,International Film Festival Rotterdam,4
Curtacinema - Rio de Janeiro International Short Film Festival,SXSW Film Festival,4
Irish Film and Television Awards,Galway Film Fleadh,4
Festival du Nouveau Cinéma,International Film Festival Rotterdam,4
SXSW Film Festival,Ottawa International Animation Festival,4
Edinburgh International Film Festival,Guanajuato International Film Festival,4
Solothurn Film Festival,Sitges - Catalonian International Film Festival,4
International Documentary Film Festival Amsterdam,Curtas Vila do Conde International Film Festival,4
Cleveland International Film Festival,Vancouver International Film Festival,4
Internationale Kurzfilmtage Winterthur,Tirana International Film Festival,4
São Paulo International Short Film Festival – Curta Kinoforum,Chicago International Film Festival,4
Curtacinema - Rio de Janeiro International Short Film Festival,Annecy International Animation Festival,4
Sarajevo Film Festival,Athens International Film Festival,4
Ghent Film Festival,Chicago International Film Festival,4
Clermont-Ferrand International Short Film Festival,Philadelphia Film Festival,4
Buenos Aires International Festival of Independent Cinema,Chicago International Film Festival,4
Beijing International Short Film Festival,Kurzfilm Festival Hamburg,4
Helsinki International Film Festival - Love & Anarchy,Beijing International Short Film Festival,4
Seattle International Film Festival,Edinburgh International Film Festival,4
Ann Arbor Film Festival,Toronto International Film Festival,4
SXSW Film Festival,Helsinki International Film Festival - Love & Anarchy,4
Tallinn Black Nights Film Festival,Cleveland International Film Festival,4
AFI Fest,Maryland Film Festival,4
Milwaukee International Film Festival,IndieLisboa International Independent Film Festival,4
Ghent Film Festival,Milan Film Festival,4
Palm Springs International ShortFest,Brussels Short Film Festival,4
Athens International Film Festival,Festival du Nouveau Cinéma,4
Montreal International Documentary Festival,Ann Arbor Film Festival,4
Melbourne International Film Festival,Animafest Zagreb,4
Cannes Film Festival,OFF - Odense International Film Festival,4
Reykjavik International Film Festival,DOK Leipzig,4
DOK Leipzig,Animafest Zagreb,4
Experimental Film and Video Festival in Seoul,International Film Festival Rotterdam,4
Clermont-Ferrand International Short Film Festival,Off-Courts Trouville,4
Leiden Shorts,BFI London Film Festival,4
Telluride Film Festival,Hong Kong International Film Festival,4
Stockholm International Film Festival,Curtas Vila do Conde International Film Festival,4
Encounters Short Film and Animation Festival,Sophia Awards,4
Sarajevo Film Festival,Oberhausen International Short Film Festival,4
Valladolid International Film Festival,Internationale Kurzfilmtage Winterthur,4
Encounters Short Film and Animation Festival,Munich Film Festival,4
Seattle International Film Festival,Sarajevo Film Festival,4
Vancouver International Film Festival,Fantasia Film Festival,4
Encounters Short Film and Animation Festival,Frightfest,4
Queer Lisboa,Melbourne International Film Festival,4
Encounters Short Film and Animation Festival,Fribourg International Film Festival,4
Academy Awards,Chicago International Film Festival,4
Clermont-Ferrand International Short Film Festival,Miami International Film Festival,4
Telluride Film Festival,Milwaukee International Film Festival,4
Palm Springs International ShortFest,Leeds International Film Festival,4
Berlin International Film Festival,Guanajuato International Film Festival,4
Brooklyn Film Festival,Palm Springs International ShortFest,4
Locarno International Film Festival,Viennale,4
Internationale Kurzfilmtage Winterthur,Beijing International Short Film Festival,4
Message to Man International Film Festival,Beijing International Short Film Festival,4
Encounters Short Film and Animation Festival,LesGaiCineMad,4
Jerusalem Film Festival,Curtas Vila do Conde International Film Festival,4
FEST - New Directors / New Films,Oberhausen International Short Film Festival,4
Uppsala Short Film Festival,Tirana International Film Festival,4
Ghent Film Festival,AFI Fest,4
Chicago International Film Festival,European Film Awards,4
MIX Copenhagen LGBTQ+ Film Festival,SXSW Film Festival,4
Melbourne International Film Festival,Vilnius International Film Festival (Kino Pavasaris),4
Guadalajara International Film Festival,AFI Fest,4
Valdivia International Film Festival,Festival du Nouveau Cinéma,4
Encounters Short Film and Animation Festival,Mardi Gras Film Festival,4
Toronto International Film Festival,Calgary International Film Festival,4
Visions du Réel,Guanajuato International Film Festival,4
Internationale Kurzfilmtage Winterthur,San Francisco International Film Festival,4
International Documentary Film Festival Amsterdam,Dokufest International Documentary and Short Film Festival,4
Seattle International Film Festival,Chicago International Film Festival,4
Clermont-Ferrand International Short Film Festival,Tirana International Film Festival,4
FilmQuest,Encounters Short Film and Animation Festival,4
Krakow Film Festival,International Documentary Film Festival Amsterdam,4
Encounters Short Film and Animation Festival,Gijón International Film Festival,4
Chéries-Chéris,AFI Fest,4
Palm Springs International ShortFest,San Sebastián International Film Festival,4
Uppsala Short Film Festival,Ottawa International Animation Festival,4
Uppsala Short Film Festival,Festival du Nouveau Cinéma,4
Sundance Film Festival,Hong Kong International Film Festival,4
Dokufest International Documentary and Short Film Festival,Filmfestival Max Ophüls Preis,4
New York Film Festival,Oberhausen International Short Film Festival,4
Lima Alterna International Film Festival,Internationale Kurzfilmtage Winterthur,4
Clermont-Ferrand International Short Film Festival,Vienna Shorts,4
Cannes Film Festival,Athens International Film Festival,4
New York Film Festival,Cinéma du Réel,4
Curtacinema - Rio de Janeiro International Short Film Festival,São Paulo International Short Film Festival – Curta Kinoforum,4
Encounters Short Film and Animation Festival,Adelaide Film Festival,4
New York Film Festival,Tallinn Black Nights Film Festival,4
Queer Lisboa,Thessaloniki Film Festival,4
Chicago International Film Festival,Telluride Film Festival,4
Encounters Short Film and Animation Festival,Neuchâtel International Fantastic Film Festival,4
Encounters Short Film and Animation Festival,Huesca International Film Festival,4
Locarno International Film Festival,BFI London Film Festival,4
Seattle International Film Festival,RiverRun International Film Festival,4
Telluride Film Festival,Calgary International Film Festival,4
Locarno International Film Festival,Athens International Film and Video Festival,4
Guadalajara International Film Festival,Valladolid International Film Festival,4
Edinburgh International Film Festival,Athens International Film and Video Festival,4
Palm Springs International ShortFest,BAFTA Awards,4
São Paulo International Short Film Festival – Curta Kinoforum,European Film Awards,4
Message to Man International Film Festival,Internationale Kurzfilmtage Winterthur,4
Toronto International Film Festival,Vilnius International Film Festival (Kino Pavasaris),4
Internationale Kurzfilmtage Winterthur,Calgary International Film Festival,4
Uppsala Short Film Festival,Melbourne International Film Festival,4
Toronto International Film Festival,Ottawa International Animation Festival,4
New Zealand International Film Festival,Tallinn Black Nights Film Festival,4
Sarajevo Film Festival,Berlin International Film Festival,4
Athens International Film and Video Festival,Stockholm International Film Festival,4
SXSW Film Festival,Bilbao International Festival of Documentary and Short Films,4
Reykjavik International Film Festival,European Film Awards,4
Côté Court,Annecy International Animation Festival,4
Dublin International Film Festival,Landshut Short Film Festival,4
Guadalajara International Film Festival,DOK Leipzig,4
Palm Springs International ShortFest,Queer Lisboa,4
Guadalajara International Film Festival,Helsinki International Film Festival - Love & Anarchy,4
Edinburgh International Film Festival,IndieLisboa International Independent Film Festival,4
Sundance Film Festival,Dokufest International Documentary and Short Film Festival,4
Toronto International Film Festival,European Film Awards,4
Dokufest International Documentary and Short Film Festival,Landshut Short Film Festival,4
Helsinki International Film Festival - Love & Anarchy,Vancouver International Film Festival,4
Clermont-Ferrand International Short Film Festival,Shorts México,4
New York Film Festival,Leiden Shorts,4
Warsaw International Film Festival,AFI Fest,4
European Film Awards,Melbourne International Film Festival,4
Cannes Film Festival,Queer Lisboa,4
SXSW Film Festival,Landshut Short Film Festival,4
Milwaukee International Film Festival,Shorts México,4
Athens International Film and Video Festival,Vilnius International Film Festival (Kino Pavasaris),4
Internationale Kurzfilmtage Winterthur,Viennale,4
Chéries-Chéris,Tallinn Black Nights Film Festival,4
Viennale,Cinéma du Réel,4
Hollyshorts Film Festival,Clermont-Ferrand International Short Film Festival,4
Fargo Film Festival,Palm Springs International ShortFest,4
Encounters Short Film and Animation Festival,San Diego Underground Film Festival,4
Solothurn Film Festival,São Paulo International Short Film Festival – Curta Kinoforum,4
Palm Springs International ShortFest,Berlin International Film Festival,4
Encounters Short Film and Animation Festival,Busan International Film Festival,4
Chéries-Chéris,Helsinki International Film Festival - Love & Anarchy,4
Hong Kong International Film Festival,Reykjavik International Film Festival,4
Internationale Kurzfilmtage Winterthur,Outfest: Los Angeles Gay & Lesbian Film Festival,4
Ghent Film Festival,Vancouver International Film Festival,4
Cannes Film Festival,Raindance Film Festival,4
Hong Kong International Film Festival,Kurzfilm Festival Hamburg,4
Cannes Film Festival,Vilnius International Film Festival (Kino Pavasaris),4
Brooklyn Film Festival,Annecy International Animation Festival,4
Guadalajara International Film Festival,Internationale Kurzfilmtage Winterthur,4
Locarno International Film Festival,Milan Film Festival,4
Sarajevo Film Festival,IndieLisboa International Independent Film Festival,4
Seattle International Film Festival,Oberhausen International Short Film Festival,4
Clermont-Ferrand International Short Film Festival,Buenos Aires International Festival of Independent Cinema,4
Ghent Film Festival,Viennale,4
Cannes Film Festival,Hong Kong International Film Festival,4
Toronto International Film Festival,San Francisco International Film Festival,4
SXSW Film Festival,Maryland Film Festival,4
Calgary International Film Festival,Ottawa International Animation Festival,4
Encounters Short Film and Animation Festival,Mumbai Film Festival,4
Athens International Film and Video Festival,Cleveland International Film Festival,4
Brooklyn Film Festival,Melbourne International Film Festival,4
Curtacinema - Rio de Janeiro International Short Film Festival,AFI Fest,4
Tampere Film Festival,Vilnius International Film Festival (Kino Pavasaris),4
Valladolid International Film Festival,Athens International Film and Video Festival,4
Palm Springs International ShortFest,Dublin International Film Festival,4
Buenos Aires International Festival of Independent Cinema,Valladolid International Film Festival,4
AFI Fest,Calgary International Film Festival,4
Moscow International Film Festival,Reykjavik International Film Festival,4
Cannes Film Festival,Valladolid International Film Festival,4
Chicago Underground Film Festival,Encounters Short Film and Animation Festival,4
FEST - New Directors / New Films,Melbourne International Film Festival,4
Buenos Aires International Festival of Independent Cinema,Curtas Vila do Conde International Film Festival,4
IndieLisboa International Independent Film Festival,Vienna Shorts,4
Porto/Post/Doc,Dokufest International Documentary and Short Film Festival,4
Chicago International Film Festival,Berlin International Film Festival,4
Hong Kong International Film Festival,Sitges - Catalonian International Film Festival,4
Solothurn Film Festival,Festival du Nouveau Cinéma,4
Tallinn Black Nights Film Festival,Viennale,4
Hong Kong International Film Festival,IndieLisboa International Independent Film Festival,4
New Directors New Films,Palm Springs International ShortFest,4
Viennale,Las Palmas Film Festival,4
IndieLisboa International Independent Film Festival,Leiden Shorts,4
Chicago International Film Festival,Hong Kong International Film Festival,4
Encounters Short Film and Animation Festival,FICUNAM,4
Locarno International Film Festival,Milwaukee International Film Festival,4
Curtacinema - Rio de Janeiro International Short Film Festival,Cannes Film Festival,4
Milan Film Festival,Annecy International Animation Festival,4
Sarajevo Film Festival,DOK Leipzig,4
Jerusalem Film Festival,Helsinki International Film Festival - Love & Anarchy,4
Seattle International Film Festival,Cannes Film Festival,4
Krakow Film Festival,Buenos Aires International Festival of Independent Cinema,4
FEST - New Directors / New Films,Tirana International Film Festival,4
Sundance Film Festival,Edinburgh International Film Festival,4
Clermont-Ferrand International Short Film Festival,Landshut Short Film Festival,4
Internationale Kurzfilmtage Winterthur,Landshut Short Film Festival,4
Palm Springs International ShortFest,Beijing International Short Film Festival,4
Kurzfilm Festival Hamburg,Vancouver International Film Festival,4
25FPS Festival,Curtas Vila do Conde International Film Festival,4
Curtacinema - Rio de Janeiro International Short Film Festival,Toronto International Film Festival,4
Vancouver International Film Festival,Curtas Vila do Conde International Film Festival,4
Sitges - Catalonian International Film Festival,Fantasia Film Festival,4
Vienna Shorts,Filmfestival Max Ophüls Preis,4
FEST - New Directors / New Films,Vienna Shorts,4
Montreal International Documentary Festival,Athens International Film and Video Festival,4
Encounters Short Film and Animation Festival,Slash Film Festival,4
Montreal International Documentary Festival,Melbourne International Film Festival,4
São Paulo International Short Film Festival – Curta Kinoforum,Reykjavik International Film Festival,4
Chéries-Chéris,Outfest: Los Angeles Gay & Lesbian Film Festival,4
It's All True - International Documentary Festival,Guanajuato International Film Festival,4
Message to Man International Film Festival,Dokufest International Documentary and Short Film Festival,4
Off-Courts Trouville,Uppsala Short Film Festival,4
São Paulo International Short Film Festival – Curta Kinoforum,Bilbao International Festival of Documentary and Short Films,4
Seattle International Film Festival,Hollyshorts Film Festival,4
SXSW Film Festival,Hong Kong International Film Festival,4
Philadelphia Film Festival,Guanajuato International Film Festival,4
MIX Copenhagen LGBTQ+ Film Festival,Frameline: San Francisco International LGBTQ Film Festival,4
Seattle International Film Festival,Ottawa International Animation Festival,4
Palm Springs International ShortFest,Thessaloniki Film Festival,4
Seville European Film Festival,Toronto International Film Festival,4
25FPS Festival,Dokufest International Documentary and Short Film Festival,4
São Paulo International Short Film Festival – Curta Kinoforum,Kurzfilm Festival Hamburg,4
Dublin International Film Festival,Festival du Nouveau Cinéma,4
Ann Arbor Film Festival,Curtas Vila do Conde International Film Festival,4
Encounters Short Film and Animation Festival,Rio de Janeiro International Film Festival,4
Valdivia International Film Festival,IndieLisboa International Independent Film Festival,4
Kurzfilm Festival Hamburg,DOK Leipzig,4
Sitges - Catalonian International Film Festival,Milan Film Festival,4
Helsinki International Film Festival - Love & Anarchy,Telluride Film Festival,4
Ann Arbor Film Festival,Festival du Nouveau Cinéma,4
OFF - Odense International Film Festival,Ottawa International Animation Festival,4
25FPS Festival,Athens International Film and Video Festival,4
Edinburgh International Film Festival,Helsinki International Film Festival - Love & Anarchy,4
Calgary International Film Festival,Festival du Nouveau Cinéma,4
Athens International Film and Video Festival,Vienna Shorts,4
Clermont-Ferrand International Short Film Festival,BAFTA Awards,4
IndieLisboa International Independent Film Festival,Filmfestival Max Ophüls Preis,4
Milwaukee International Film Festival,Sitges - Catalonian International Film Festival,4
Reykjavik International Film Festival,IndieLisboa International Independent Film Festival,4
Raindance Film Festival,Annecy International Animation Festival,4
Milwaukee International Film Festival,Festival du Nouveau Cinéma,4
Clermont-Ferrand International Short Film Festival,Ann Arbor Film Festival,4
Philadelphia Film Festival,Vilnius International Film Festival (Kino Pavasaris),4
São Paulo International Short Film Festival – Curta Kinoforum,Dokufest International Documentary and Short Film Festival,4
OFF - Odense International Film Festival,Tallinn Black Nights Film Festival,4
Internationale Kurzfilmtage Winterthur,International Film Festival Rotterdam,4
Tribeca Film Festival,Annecy International Animation Festival,4
Internationale Kurzfilmtage Winterthur,Telluride Film Festival,4
Chicago International Film Festival,Milwaukee International Film Festival,4
Jerusalem Film Festival,Seville European Film Festival,4
Berlin International Film Festival,Thessaloniki Film Festival,3
Palm Springs International ShortFest,Festival Stop Motion Montreal,3
25FPS Festival,International Film Festival Rotterdam,3
Helsinki International Film Festival - Love & Anarchy,Dublin International Film Festival,3
Guanajuato International Film Festival,Fantasia Film Festival,3
Solothurn Film Festival,Ottawa International Animation Festival,3
DocumentaMadrid,IndieLisboa International Independent Film Festival,3
IndieLisboa International Independent Film Festival,Fantasia Film Festival,3
São Paulo International Short Film Festival – Curta Kinoforum,Guadalajara International Film Festival,3
Singapore International Film Festival,Melbourne International Film Festival,3
Off-Courts Trouville,Leeds International Film Festival,3
Hong Kong International Film Festival,BFI London Film Festival,3
Milwaukee International Film Festival,Festival Stop Motion Montreal,3
Palm Springs International ShortFest,European Film Awards,3
Solothurn Film Festival,Curtacinema - Rio de Janeiro International Short Film Festival,3
Sundance Film Festival,Landshut Short Film Festival,3
Encounters Short Film and Animation Festival,Havana Film Festival,3
Reykjavik International Film Festival,San Sebastián International Film Festival,3
New Zealand International Film Festival,Annecy International Animation Festival,3
Encounters Short Film and Animation Festival,Bogoshorts - Bogota Short Film Festival,3
Beijing International Short Film Festival,IndieLisboa International Independent Film Festival,3
New York Film Festival,AFI Fest,3
Chéries-Chéris,MIX Copenhagen LGBTQ+ Film Festival,3
Valladolid International Film Festival,Locarno International Film Festival,3
Internationale Kurzfilmtage Winterthur,Filmfestival Max Ophüls Preis,3
Valdivia International Film Festival,Las Palmas Film Festival,3
Tallinn Black Nights Film Festival,Leeds International Film Festival,3
MIX Copenhagen LGBTQ+ Film Festival,Milwaukee International Film Festival,3
Seattle International Film Festival,Raindance Film Festival,3
Riga International Film Festival,Guanajuato International Film Festival,3
Seattle International Film Festival,OFF - Odense International Film Festival,3
Internationale Kurzfilmtage Winterthur,Sitges - Catalonian International Film Festival,3
Seattle International Film Festival,Sydney Film Festival,3
Landshut Short Film Festival,Sitges - Catalonian International Film Festival,3
Côté Court,Festival du Nouveau Cinéma,3
True/False Film Festival,BFI London Film Festival,3
Krakow Film Festival,BFI London Film Festival,3
DOK Leipzig,Curtas Vila do Conde International Film Festival,3
Encounters Short Film and Animation Festival,Brussels Film Festival,3
Guanajuato International Film Festival,Mardi Gras Film Festival,3
25FPS Festival,Vilnius International Film Festival (Kino Pavasaris),3
Calgary International Film Festival,Hong Kong International Film Festival,3
Slamdance Film Festival,Guanajuato International Film Festival,3
Chéries-Chéris,Cannes Film Festival,3
MIX Copenhagen LGBTQ+ Film Festival,Inside Out Toronto LGBT Film Festival,3
Sarajevo Film Festival,Landshut Short Film Festival,3
Queer Lisboa,Sicilia Queer filmfest,3
Raindance Film Festival,Kurzfilm Festival Hamburg,3
SXSW Film Festival,Queer Lisboa,3
Encounters Short Film and Animation Festival,Doc Fortnight,3
Ghent Film Festival,Zurich Film Festival,3
Bilbao International Festival of Documentary and Short Films,Calgary International Film Festival,3
Hollyshorts Film Festival,Galway Film Fleadh,3
DocumentaMadrid,Dokufest International Documentary and Short Film Festival,3
DocumentaMadrid,New York Film Festival,3
Clermont-Ferrand International Short Film Festival,Rome Independent Film Festival,3
BFI London Film Festival,Leeds International Film Festival,3
Kurzfilm Festival Hamburg,Filmfestival Max Ophüls Preis,3
Viennale,Melbourne International Film Festival,3
OFF - Odense International Film Festival,Melbourne International Film Festival,3
Reykjavik International Film Festival,Dokufest International Documentary and Short Film Festival,3
Guadalajara International Film Festival,Milwaukee International Film Festival,3
Chicago International Film Festival,IndieLisboa International Independent Film Festival,3
Vienna Shorts,Brussels Short Film Festival,3
Chicago Underground Film Festival,BFI London Film Festival,3
AFI Fest,Frameline: San Francisco International LGBTQ Film Festival,3
Cannes Film Festival,Ottawa International Animation Festival,3
Seattle International Film Festival,BAFTA Awards,3
Tallinn Black Nights Film Festival,Golden Horse Film Festival,3
Dublin International Film Festival,Melbourne International Film Festival,3
Internationale Kurzfilmtage Winterthur,Côté Court,3
Sarajevo Film Festival,Queer Lisboa,3
Valladolid International Film Festival,Calgary International Film Festival,3
Edinburgh International Film Festival,Ann Arbor Film Festival,3
Encounters Short Film and Animation Festival,Sicilia Queer filmfest,3
Seville European Film Festival,Göteborg Film Festival,3
Edinburgh International Film Festival,Melbourne International Film Festival,3
New York Film Festival,Helsinki International Film Festival - Love & Anarchy,3
Sarajevo Film Festival,Hong Kong International Film Festival,3
São Paulo International Short Film Festival – Curta Kinoforum,Stockholm International Film Festival,3
Vienna Shorts,Melbourne International Film Festival,3
Seattle International Film Festival,Miami International Film Festival,3
Reykjavik International Film Festival,Thessaloniki Film Festival,3
BFI London Film Festival,BAFTA Awards,3
Encounters Short Film and Animation Festival,DocPoint – Helsinki Documentary Film Festival,3
IndieLisboa International Independent Film Festival,Tirana International Film Festival,3
Chicago International Film Festival,DOK Leipzig,3
Encounters Short Film and Animation Festival,Doclisboa International Film Festival,3
Ottawa International Animation Festival,Vancouver International Film Festival,3
Nordic International Film Festival,Encounters Short Film and Animation Festival,3
Valdivia International Film Festival,Mar del Plata International Film Festival,3
Vilnius International Film Festival (Kino Pavasaris),Annecy International Animation Festival,3
Tallinn Black Nights Film Festival,Brussels Short Film Festival,3
International Documentary Film Festival Amsterdam,BFI London Film Festival,3
Côté Court,Curtas Vila do Conde International Film Festival,3
Jerusalem Film Festival,AFI Fest,3
Bilbao International Festival of Documentary and Short Films,Vienna Shorts,3
Encounters Short Film and Animation Festival,Short Waves Festival,3
Message to Man International Film Festival,Curtas Vila do Conde International Film Festival,3
Sarajevo Film Festival,Thessaloniki Film Festival,3
Guadalajara International Film Festival,San Francisco International Film Festival,3
Whistler Film Festival,Dokufest International Documentary and Short Film Festival,3
DOK Leipzig,Sitges - Catalonian International Film Festival,3
Sarajevo Film Festival,Sitges - Catalonian International Film Festival,3
Academy Awards,Melbourne International Film Festival,3
Solothurn Film Festival,DOK Leipzig,3
Calgary International Film Festival,IndieLisboa International Independent Film Festival,3
European Film Awards,Vancouver International Film Festival,3
Chéries-Chéris,Curtas Vila do Conde International Film Festival,3
OFF - Odense International Film Festival,Dokufest International Documentary and Short Film Festival,3
Ann Arbor Film Festival,Melbourne International Film Festival,3
Valladolid International Film Festival,European Film Awards,3
Ann Arbor Film Festival,Berlin International Film Festival,3
FEST - New Directors / New Films,Dublin International Film Festival,3
Tampere Film Festival,Dokufest International Documentary and Short Film Festival,3
Palm Springs International ShortFest,Inside Out Toronto LGBT Film Festival,3
Guanajuato International Film Festival,Tirana International Film Festival,3
Message to Man International Film Festival,DOK Leipzig,3
Internationale Kurzfilmtage Winterthur,International Documentary Film Festival Amsterdam,3
Seattle International Film Festival,Animafest Zagreb,3
Seville European Film Festival,Buenos Aires International Festival of Independent Cinema,3
Athens International Film and Video Festival,Milan Film Festival,3
Edinburgh International Film Festival,DOK Leipzig,3
Cannes Film Festival,Milan Film Festival,3
Frameline: San Francisco International LGBTQ Film Festival,Inside Out Toronto LGBT Film Festival,3
OFF - Odense International Film Festival,Hong Kong International Film Festival,3
Philadelphia Film Festival,Kurzfilm Festival Hamburg,3
Uppsala Short Film Festival,Vilnius International Film Festival (Kino Pavasaris),3
Warsaw International Film Festival,Athens International Film and Video Festival,3
FIRST International Film Festival Xining,Tallinn Black Nights Film Festival,3
Clermont-Ferrand International Short Film Festival,International Documentary Film Festival Amsterdam,3
Warsaw International Film Festival,Curtas Vila do Conde International Film Festival,3
Lima Alterna International Film Festival,FEST - New Directors / New Films,3
Tallinn Black Nights Film Festival,Shorts México,3
SXSW Film Festival,Academy Awards,3
Milan Film Festival,Curtas Vila do Conde International Film Festival,3
Internationale Kurzfilmtage Winterthur,Sicilia Queer filmfest,3
Krakow Film Festival,Curtacinema - Rio de Janeiro International Short Film Festival,3
Landshut Short Film Festival,Melbourne International Film Festival,3
Milwaukee International Film Festival,BFI London Film Festival,3
Hot Docs Canadian International Documentary Festival,Guanajuato International Film Festival,3
FIRST International Film Festival Xining,Palm Springs International ShortFest,3
Melbourne International Film Festival,Cinéma du Réel,3
Maryland Film Festival,Palm Springs International ShortFest,3
New Directors New Films,Melbourne International Film Festival,3
New York Film Festival,Athens International Film and Video Festival,3
São Paulo International Short Film Festival – Curta Kinoforum,Moscow International Film Festival,3
New York Film Festival,Vilnius International Film Festival (Kino Pavasaris),3
Ann Arbor Film Festival,Locarno International Film Festival,3
Palm Springs International ShortFest,Leiden Shorts,3
MIX Copenhagen LGBTQ+ Film Festival,Helsinki International Film Festival - Love & Anarchy,3
Toronto International Film Festival,Leiden Shorts,3
Seattle International Film Festival,Valladolid International Film Festival,3
Sundance Film Festival,Ottawa International Animation Festival,3
Curtacinema - Rio de Janeiro International Short Film Festival,Frameline: San Francisco International LGBTQ Film Festival,3
Moscow International Film Festival,Melbourne International Film Festival,3
Viennale,Gijón International Film Festival,3
Chicago International Film Festival,Valladolid International Film Festival,3
Cannes Film Festival,Dublin International Film Festival,3
Toronto International Film Festival,Riga International Film Festival,3
Berlin International Film Festival,Dokufest International Documentary and Short Film Festival,3
Beijing International Short Film Festival,Guanajuato International Film Festival,3
OFF - Odense International Film Festival,Annecy International Animation Festival,3
SXSW Film Festival,Cleveland International Film Festival,3
Helsinki International Film Festival - Love & Anarchy,Shorts México,3
IndieLisboa International Independent Film Festival,Vilnius International Film Festival (Kino Pavasaris),3
Cartagena Film Festival,Locarno International Film Festival,3
Encounters Short Film and Animation Festival,Thessaloniki Documentary Festival,3
True/False Film Festival,Montreal International Documentary Festival,3
25FPS Festival,Vancouver International Film Festival,3
Tampere Film Festival,Guanajuato International Film Festival,3
Krakow Film Festival,Jerusalem Film Festival,3
Vancouver International Film Festival,Vienna Shorts,3
Ghent Film Festival,FIRST International Film Festival Xining,3
Outfest: Los Angeles Gay & Lesbian Film Festival,Seattle Queer Film Festival,3
Curtacinema - Rio de Janeiro International Short Film Festival,Outfest: Los Angeles Gay & Lesbian Film Festival,3
BFI London Film Festival,International Film Festival Rotterdam,3
Milwaukee International Film Festival,Seattle Queer Film Festival,3
Hong Kong International Film Festival,Milan Film Festival,3
Off-Courts Trouville,Angers European First Film Festival,3
Uppsala Short Film Festival,Vienna Shorts,3
New York Film Festival,Ann Arbor Film Festival,3
Ann Arbor Film Festival,Vancouver International Film Festival,3
Clermont-Ferrand International Short Film Festival,Animafest Zagreb,3
Clermont-Ferrand International Short Film Festival,Leeds International Film Festival,3
Warsaw International Film Festival,Slamdance Film Festival,3
Kurzfilm Festival Hamburg,Cinéma du Réel,3
Clermont-Ferrand International Short Film Festival,Sitges - Catalonian International Film Festival,3
Taipei Film Festival,Encounters Short Film and Animation Festival,3
AFI Fest,Dokufest International Documentary and Short Film Festival,3
Toronto International Film Festival,Viennale,3
Encounters Short Film and Animation Festival,Cyprus International Film Festival,3
Hong Kong International Film Festival,Fantasia Film Festival,3
Cannes Film Festival,Annecy International Animation Festival,3
Helsinki International Film Festival - Love & Anarchy,DOK Leipzig,3
Helsinki International Film Festival - Love & Anarchy,Thessaloniki Film Festival,3
Athens International Film and Video Festival,Leiden Shorts,3
Cinéma du Réel,Las Palmas Film Festival,3
Montreal International Documentary Festival,Valdivia International Film Festival,3
Academy Awards,Stockholm International Film Festival,3
Go Short - International Short Film Festival Nijmegen,Leiden Shorts,3
Encounters Short Film and Animation Festival,La Plata International Independent Film Festival - FestiFreak,3
Brooklyn Film Festival,Clermont-Ferrand International Short Film Festival,3
Riga International Film Festival,Reykjavik International Film Festival,3
SXSW Film Festival,Locarno International Film Festival,3
Encounters Short Film and Animation Festival,OUTshine LGBTQ+ Film Festival: Miami Edition,3
Ann Arbor Film Festival,Slamdance Film Festival,3
Valladolid International Film Festival,Bilbao International Festival of Documentary and Short Films,3
Beijing International Short Film Festival,Vancouver International Film Festival,3
Tallinn Black Nights Film Festival,International Documentary Film Festival Amsterdam,3
Curtacinema - Rio de Janeiro International Short Film Festival,Hong Kong International Film Festival,3
Palm Springs International ShortFest,Nordisk Panorama,3
25FPS Festival,Viennale,3
Palm Springs International ShortFest,Vienna Shorts,3
BFI London Film Festival,Vienna Shorts,3
Krakow Film Festival,Berlin International Film Festival,3
Porto/Post/Doc,Oberhausen International Short Film Festival,3
Athens International Film and Video Festival,British Independent Film Awards,3
Internationale Kurzfilmtage Winterthur,Berlin International Film Festival,3
Oberhausen International Short Film Festival,Curtas Vila do Conde International Film Festival,3
Sarajevo Film Festival,Vilnius International Film Festival (Kino Pavasaris),3
BFI London Film Festival,Tirana International Film Festival,3
Porto/Post/Doc,Internationale Kurzfilmtage Winterthur,3
Guanajuato International Film Festival,Filmfestival Max Ophüls Preis,3
New York Film Festival,Vancouver International Film Festival,3
New Directors New Films,Reykjavik International Film Festival,3
Porto/Post/Doc,Curtas Vila do Conde International Film Festival,3
Locarno International Film Festival,Leiden Shorts,3
Sundance Film Festival,DOK Leipzig,3
Chéries-Chéris,Frameline: San Francisco International LGBTQ Film Festival,3
Ghent Film Festival,DOK Leipzig,3
Clermont-Ferrand International Short Film Festival,Las Palmas Film Festival,3
Bilbao International Festival of Documentary and Short Films,Vilnius International Film Festival (Kino Pavasaris),3
Clermont-Ferrand International Short Film Festival,Message to Man International Film Festival,3
Hong Kong International Film Festival,Vienna Shorts,3
FEST - New Directors / New Films,Animafest Zagreb,3
Reykjavik International Film Festival,Kurzfilm Festival Hamburg,3
Solothurn Film Festival,Riga International Film Festival,3
Vancouver International Film Festival,Vilnius International Film Festival (Kino Pavasaris),3
AFI Fest,Tribeca Film Festival,3
Buenos Aires International Festival of Independent Cinema,European Film Awards,3
Calgary International Film Festival,Dokufest International Documentary and Short Film Festival,3
São Paulo International Short Film Festival – Curta Kinoforum,Sarajevo Film Festival,3
25FPS Festival,Cinéma du Réel,3
Riga International Film Festival,Milwaukee International Film Festival,3
FICUNAM,Cinéma du Réel,3
Valladolid International Film Festival,Berlin International Film Festival,3
Valladolid International Film Festival,Vilnius International Film Festival (Kino Pavasaris),3
Academy Awards,Philadelphia Film Festival,3
Raindance Film Festival,Leiden Shorts,3
Côté Court,Guanajuato International Film Festival,3
FICUNAM,Dokufest International Documentary and Short Film Festival,3
AFI Fest,Stockholm International Film Festival,3
Warsaw International Film Festival,FEST - New Directors / New Films,3
Guadalajara International Film Festival,Uppsala Short Film Festival,3
Sarajevo Film Festival,BFI London Film Festival,3
AFI Fest,Uppsala Short Film Festival,3
Guanajuato International Film Festival,São Paulo International Film Festival,3
Guadalajara International Film Festival,Toronto International Film Festival,3
FEST - New Directors / New Films,Vilnius International Film Festival (Kino Pavasaris),3
Toronto International Film Festival,Sarajevo Film Festival,3
Valladolid International Film Festival,Melbourne International Film Festival,3
Ghent Film Festival,Montreal International Documentary Festival,3
Guadalajara International Film Festival,Sarajevo Film Festival,3
Reykjavik International Film Festival,Beijing International Short Film Festival,3
Cannes Film Festival,San Sebastián International Film Festival,3
Palm Springs International ShortFest,International Documentary Film Festival Amsterdam,3
Internationale Kurzfilmtage Winterthur,Rome Independent Film Festival,3
New Zealand International Film Festival,Berlin International Film Festival,3
Locarno International Film Festival,Melbourne International Film Festival,3
Helsinki International Film Festival - Love & Anarchy,San Francisco International Film Festival,3
Guadalajara International Film Festival,Chicago International Film Festival,3
Encounters Short Film and Animation Festival,DMZ International Documentary Film Festival,3
Ottawa International Animation Festival,Curtas Vila do Conde International Film Festival,3
Encounters Short Film and Animation Festival,Cinefest Sudbury International Film Festival,3
Montreal International Documentary Festival,Internationale Kurzfilmtage Winterthur,3
Landshut Short Film Festival,Tirana International Film Festival,3
IndieLisboa International Independent Film Festival,Animafest Zagreb,3
Valladolid International Film Festival,Vienna Shorts,3
SXSW Film Festival,Festival du Nouveau Cinéma,3
DocumentaMadrid,International Film Festival Rotterdam,3
Valladolid International Film Festival,Milwaukee International Film Festival,3
European Film Awards,Stockholm International Film Festival,3
Slamdance Film Festival,Fantasia Film Festival,3
Berlin International Film Festival,Singapore International Film Festival,3
Encounters Short Film and Animation Festival,Iris Prize LGBTQ+ Film Festival,3
Guadalajara International Film Festival,Vancouver International Film Festival,3
Ann Arbor Film Festival,Chicago Underground Film Festival,3
Cannes Film Festival,Leiden Shorts,3
Valladolid International Film Festival,Kurzfilm Festival Hamburg,3
Locarno International Film Festival,Tirana International Film Festival,3
Toronto International Film Festival,Gijón International Film Festival,3
Cannes Film Festival,Mar del Plata International Film Festival,3
New York Film Festival,Chicago International Film Festival,3
Helsinki International Film Festival - Love & Anarchy,Raindance Film Festival,3
Message to Man International Film Festival,Kurzfilm Festival Hamburg,3
Ghent Film Festival,São Paulo International Film Festival,3
Message to Man International Film Festival,FEST - New Directors / New Films,3
Durban International Film Festival,Uppsala Short Film Festival,3
Cannes Film Festival,Bilbao International Festival of Documentary and Short Films,3
Hong Kong International Film Festival,Philadelphia Film Festival,3
OFF - Odense International Film Festival,Curtas Vila do Conde International Film Festival,3
Mar del Plata International Film Festival,Festival du Nouveau Cinéma,3
Torino Film Festival,Encounters Short Film and Animation Festival,3
Vienna Shorts,Festival du Nouveau Cinéma,3
FEST - New Directors / New Films,San Francisco International Film Festival,3
Philadelphia Film Festival,Melbourne International Film Festival,3
DOK Leipzig,BFI London Film Festival,3
Clermont-Ferrand International Short Film Festival,Cairo International Film Festival,3
Lima Alterna International Film Festival,Curtas Vila do Conde International Film Festival,3
Cyprus International Film Festival,Guanajuato International Film Festival,3
Tallinn Black Nights Film Festival,BAFTA Awards,3
New York Film Festival,25FPS Festival,3
DocumentaMadrid,Las Palmas Film Festival,3
Sundance Film Festival,IndieLisboa International Independent Film Festival,3
Krakow Film Festival,Diagonale: Festival of Austrian Film,3
Encounters Short Film and Animation Festival,Regent Park Film Festival,3
New York Film Festival,Montreal International Documentary Festival,3
Krakow Film Festival,Academy Awards,3
Guadalajara International Film Festival,Guanajuato International Film Festival,3
Maryland Film Festival,Chicago International Film Festival,3
Helsinki International Film Festival - Love & Anarchy,Outfest: Los Angeles Gay & Lesbian Film Festival,3
New York Film Festival,Palm Springs International ShortFest,3
New Zealand International Film Festival,Queer Lisboa,3
New York Film Festival,Locarno International Film Festival,3
Clermont-Ferrand International Short Film Festival,Angers European First Film Festival,3
Belfast Film Festival,Encounters Short Film and Animation Festival,3
Toronto International Film Festival,Mar del Plata International Film Festival,3
Message to Man International Film Festival,Tallinn Black Nights Film Festival,3
Telluride Film Festival,BFI London Film Festival,3
Locarno International Film Festival,Sitges - Catalonian International Film Festival,3
Sundance Film Festival,Sarasota Film Festival,3
Encounters Short Film and Animation Festival,DOXA Documentary Film Festival,3
Clermont-Ferrand International Short Film Festival,Leiden Shorts,3
Clermont-Ferrand International Short Film Festival,Fribourg International Film Festival,3
Annecy International Animation Festival,Leeds International Film Festival,3
Jerusalem Film Festival,Raindance Film Festival,3
Tampere Film Festival,Curtas Vila do Conde International Film Festival,3
Krakow Film Festival,Vienna Shorts,3
Queer Lisboa,LesGaiCineMad,3
Calgary International Film Festival,Athens International Film and Video Festival,3
Encounters Short Film and Animation Festival,Austin Film Festival,3
SXSW Film Festival,Valladolid International Film Festival,3
Ann Arbor Film Festival,Beijing International Short Film Festival,3
Chéries-Chéris,Internationale Kurzfilmtage Winterthur,3
Krakow Film Festival,Fantasia Film Festival,3
Tallinn Black Nights Film Festival,London Critics Circle Film Awards,3
Clermont-Ferrand International Short Film Festival,Tromsø International Film Festival,3
Whistler Film Festival,Helsinki International Film Festival - Love & Anarchy,3
Buenos Aires International Festival of Independent Cinema,Dokufest International Documentary and Short Film Festival,3
Hollyshorts Film Festival,FEST - New Directors / New Films,3
Toronto International Film Festival,Raindance Film Festival,3
Jerusalem Film Festival,Guanajuato International Film Festival,3
Chéries-Chéris,Berlin International Film Festival,3
Toronto International Film Festival,Telluride Film Festival,3
Guanajuato International Film Festival,BAFTA Awards,3
Telluride Film Festival,Annecy International Animation Festival,3
Palm Springs International ShortFest,Rome Independent Film Festival,3
Palm Springs International ShortFest,Mumbai Film Festival,3
Tallinn Black Nights Film Festival,Sophia Awards,3
AFI Fest,Riga International Film Festival,3
Tribeca Film Festival,Guanajuato International Film Festival,3
SXSW Film Festival,Milan Film Festival,3
Ghent Film Festival,Buenos Aires International Festival of Independent Cinema,3
Raindance Film Festival,Milwaukee International Film Festival,3
Krakow Film Festival,Cleveland International Film Festival,3
Dublin International Film Festival,Calgary International Film Festival,3
Tallinn Black Nights Film Festival,Frameline: San Francisco International LGBTQ Film Festival,3
OFF - Odense International Film Festival,Palm Springs International ShortFest,3
International Film Festival Rotterdam,Las Palmas Film Festival,3
Warsaw International Film Festival,Cannes Film Festival,3
AFI Fest,Landshut Short Film Festival,3
Krakow Film Festival,Moscow International Film Festival,3
Seville European Film Festival,Sarajevo Film Festival,3
Curtacinema - Rio de Janeiro International Short Film Festival,DOK Leipzig,3
Riga International Film Festival,San Sebastián International Film Festival,3
Tromsø International Film Festival,Leeds International Film Festival,3
Jerusalem Film Festival,Cannes Film Festival,3
BFI London Film Festival,San Sebastián International Film Festival,3
Athens International Film and Video Festival,European Film Awards,3
BFI London Film Festival,London Critics Circle Film Awards,3
Queer Lisboa,IndieLisboa International Independent Film Festival,3
New Directors New Films,AFI Fest,3
Slamdance Film Festival,Athens International Film and Video Festival,3
Toronto International Film Festival,Oberhausen International Short Film Festival,3
Toronto International Film Festival,International Documentary Film Festival Amsterdam,3
Curtacinema - Rio de Janeiro International Short Film Festival,Queer Lisboa,3
Göteborg Film Festival,Annecy International Animation Festival,3
São Paulo International Short Film Festival – Curta Kinoforum,Jerusalem Film Festival,3
Ann Arbor Film Festival,Viennale,3
Seattle Queer Film Festival,Inside Out Toronto LGBT Film Festival,3
Melbourne International Film Festival,San Sebastián International Film Festival,3
Athens International Film and Video Festival,Viennale,3
Hollyshorts Film Festival,Angers European First Film Festival,3
Message to Man International Film Festival,Leiden Shorts,3
Buenos Aires International Festival of Independent Cinema,Melbourne International Film Festival,3
Warsaw International Film Festival,New Horizons International Film Festival,3
Chéries-Chéris,Sarajevo Film Festival,3
Bilbao International Festival of Documentary and Short Films,Moscow International Film Festival,3
Sundance Film Festival,Festival du Nouveau Cinéma,3
FEST - New Directors / New Films,Philadelphia Film Festival,3
Clermont-Ferrand International Short Film Festival,Mill Valley Film Festival,3
True/False Film Festival,Melbourne International Film Festival,3
European Film Awards,Vilnius International Film Festival (Kino Pavasaris),3
SXSW Film Festival,Karlovy Vary International Film Festival,3
Krakow Film Festival,Guadalajara International Film Festival,3
Encounters Short Film and Animation Festival,DOC NYC,3
Zurich Film Festival,Encounters Short Film and Animation Festival,3
Clermont-Ferrand International Short Film Festival,Viennale,3
Philadelphia Film Festival,Stockholm International Film Festival,3
Queer Lisboa,Milwaukee International Film Festival,3
Sarajevo Film Festival,Kurzfilm Festival Hamburg,3
Uppsala Short Film Festival,Milwaukee International Film Festival,3
Palm Springs International ShortFest,Karlovy Vary International Film Festival,3
Fargo Film Festival,Athens International Film and Video Festival,3
Hong Kong International Film Festival,San Francisco International Film Festival,3
New Directors New Films,Bilbao International Festival of Documentary and Short Films,3
Clermont-Ferrand International Short Film Festival,Sophia Awards,3
Curtacinema - Rio de Janeiro International Short Film Festival,FEST - New Directors / New Films,3
Sundance Film Festival,Kurzfilm Festival Hamburg,3
Festival du Nouveau Cinéma,Stockholm International Film Festival,3
Chicago International Film Festival,Vancouver International Film Festival,3
SXSW Film Festival,Frameline: San Francisco International LGBTQ Film Festival,3
Seattle International Film Festival,FEST - New Directors / New Films,3
Montreal International Documentary Festival,Curtas Vila do Conde International Film Festival,3
SXSW Film Festival,Philadelphia Film Festival,3
True/False Film Festival,Go Short - International Short Film Festival Nijmegen,3
Seville European Film Festival,Melbourne International Film Festival,3
Warsaw International Film Festival,BFI London Film Festival,3
Palm Springs International ShortFest,Sydney Film Festival,3
Sundance Film Festival,Locarno International Film Festival,3
Buenos Aires International Festival of Independent Cinema,Beijing International Short Film Festival,3
Tallinn Black Nights Film Festival,César Awards,3
Message to Man International Film Festival,Vancouver International Film Festival,3
Montreal International Documentary Festival,IndieLisboa International Independent Film Festival,3
Chicago International Film Festival,Festival du Nouveau Cinéma,3
Clermont-Ferrand International Short Film Festival,Adelaide Film Festival,3
Palm Springs International ShortFest,Tromsø International Film Festival,3
Sundance Film Festival,Animafest Zagreb,3
Tallinn Black Nights Film Festival,Miami International Film Festival,3
Cannes Film Festival,San Francisco International Film Festival,3
Edinburgh International Film Festival,Bilbao International Festival of Documentary and Short Films,3
Seattle International Film Festival,Ann Arbor Film Festival,3
Riga International Film Festival,International Film Festival Rotterdam,3
Palm Springs International ShortFest,Seattle Queer Film Festival,3
Locarno International Film Festival,Las Palmas Film Festival,3
Cartagena Film Festival,Tallinn Black Nights Film Festival,3
Uppsala Short Film Festival,Leeds International Film Festival,3
Krakow Film Festival,Telluride Film Festival,3
International Documentary Film Festival Amsterdam,European Film Awards,3
Sundance Film Festival,Chicago International Film Festival,3
MIX Copenhagen LGBTQ+ Film Festival,Palm Springs International ShortFest,3
Bilbao International Festival of Documentary and Short Films,Milan Film Festival,3
Tallinn Black Nights Film Festival,Landshut Short Film Festival,3
FEST - New Directors / New Films,Leiden Shorts,3
Edinburgh International Film Festival,Hong Kong International Film Festival,3
Diagonale: Festival of Austrian Film,Vienna Shorts,3
Valladolid International Film Festival,Stockholm International Film Festival,3
Kurzfilm Festival Hamburg,BFI Flare: London LGBTIQ+ Film Festival,3
Curtacinema - Rio de Janeiro International Short Film Festival,Riga International Film Festival,3
Locarno International Film Festival,Dokufest International Documentary and Short Film Festival,3
Calgary International Film Festival,Landshut Short Film Festival,3
Canadian Screen Awards,Palm Springs International ShortFest,3
MIX Copenhagen LGBTQ+ Film Festival,Tallinn Black Nights Film Festival,3
IndieLisboa International Independent Film Festival,Cinéma du Réel,3
Curtacinema - Rio de Janeiro International Short Film Festival,Havana Film Festival,3
Guanajuato International Film Festival,Vienna Shorts,3
Uppsala Short Film Festival,European Film Awards,3
Locarno International Film Festival,Sarajevo Film Festival,3
Lima Alterna International Film Festival,Helsinki International Film Festival - Love & Anarchy,3
Mar del Plata International Film Festival,BFI London Film Festival,3
Ghent Film Festival,Las Palmas Film Festival,3
IndieLisboa International Independent Film Festival,European Film Awards,3
Riga International Film Festival,Annecy International Animation Festival,3
Valdivia International Film Festival,Melbourne International Film Festival,3
Encounters Short Film and Animation Festival,Kassel Documentary Film and Video Festival,3
Tampere Film Festival,Palm Springs International ShortFest,3
Encounters Short Film and Animation Festival,Olhar de Cinema - Curitiba International Film Festival,3
Sundance Film Festival,FEST - New Directors / New Films,3
Viennale,Leiden Shorts,3
SXSW Film Festival,Leeds International Film Festival,3
Ann Arbor Film Festival,Las Palmas Film Festival,3
Guanajuato International Film Festival,Landshut Short Film Festival,3
Clermont-Ferrand International Short Film Festival,Whistler Film Festival,3
Miami International Film Festival,Vancouver International Film Festival,3
Festival du Nouveau Cinéma,Filmfestival Max Ophüls Preis,3
London Critics Circle Film Awards,British Independent Film Awards,3
Vienna Shorts,Tirana International Film Festival,3
Sophia Awards,Annecy International Animation Festival,3
São Paulo International Short Film Festival – Curta Kinoforum,Leiden Shorts,3
New York Film Festival,Queer Lisboa,3
Camden International Film Festival,Guanajuato International Film Festival,3
Tallinn Black Nights Film Festival,Mumbai Film Festival,3
Whistler Film Festival,Melbourne International Film Festival,3
Ghent Film Festival,International Documentary Film Festival Amsterdam,3
Encounters Short Film and Animation Festival,Trieste Film Festival,3
Bilbao International Festival of Documentary and Short Films,San Sebastián International Film Festival,3
Melbourne International Film Festival,Milan Film Festival,3
25FPS Festival,Beijing International Short Film Festival,3
Vilnius International Film Festival (Kino Pavasaris),Cinéma du Réel,3
Chicago International Film Festival,Tribeca Film Festival,3
Toronto International Film Festival,Queer Lisboa,3
Seville European Film Festival,European Film Awards,3
Melbourne International Film Festival,Leeds International Film Festival,3
Hollyshorts Film Festival,Animafest Zagreb,3
DocumentaMadrid,Internationale Kurzfilmtage Winterthur,3
Ghent Film Festival,Athens International Film Festival,3
Ghent Film Festival,International Film Festival Rotterdam,3
SXSW Film Festival,Kurzfilm Festival Hamburg,3
Chicago International Film Festival,San Francisco International Film Festival,3
Oberhausen International Short Film Festival,Kurzfilm Festival Hamburg,3
Melbourne International Film Festival,Tromsø International Film Festival,3
New York Film Festival,Las Palmas Film Festival,3
Clermont-Ferrand International Short Film Festival,Camden International Film Festival,3
Milwaukee International Film Festival,Dokufest International Documentary and Short Film Festival,3
Buenos Aires International Festival of Independent Cinema,Reykjavik International Film Festival,3
Frameline: San Francisco International LGBTQ Film Festival,Melbourne International Film Festival,3
OFF - Odense International Film Festival,Toronto International Film Festival,3
Ghent Film Festival,True/False Film Festival,3
Ottawa International Animation Festival,Animafest Zagreb,3
Palm Springs International ShortFest,Hof International Film Festival,3
São Paulo International Short Film Festival – Curta Kinoforum,Milan Film Festival,3
Hollyshorts Film Festival,Uppsala Short Film Festival,3
Edinburgh International Film Festival,Chicago International Film Festival,3
Krakow Film Festival,Cannes Film Festival,3
Guanajuato International Film Festival,Animafest Zagreb,3
Bilbao International Festival of Documentary and Short Films,Riga International Film Festival,3
Buenos Aires International Festival of Independent Cinema,Hong Kong International Film Festival,3
Bilbao International Festival of Documentary and Short Films,Filmfestival Max Ophüls Preis,3
Sundance Film Festival,Krakow Film Festival,3
Experimental Film and Video Festival in Seoul,Las Palmas Film Festival,3
Maryland Film Festival,Annecy International Animation Festival,3
Oberhausen International Short Film Festival,International Film Festival Rotterdam,3
Raindance Film Festival,BFI London Film Festival,3
SXSW Film Festival,Curtas Vila do Conde International Film Festival,3
Cannes Film Festival,DOK Leipzig,3
São Paulo International Short Film Festival – Curta Kinoforum,Viennale,3
FEST - New Directors / New Films,Beijing International Short Film Festival,3
Athens International Film and Video Festival,Las Palmas Film Festival,3
Göteborg Film Festival,Tallinn Black Nights Film Festival,3
Montclair Film Festival,Milwaukee International Film Festival,3
César Awards,Annecy International Animation Festival,3
FEST - New Directors / New Films,Edinburgh International Film Festival,3
Sundance Film Festival,São Paulo International Short Film Festival – Curta Kinoforum,3
Sarajevo Film Festival,International Film Festival Rotterdam,3
Edinburgh International Film Festival,International Film Festival Rotterdam,3
Valdivia International Film Festival,Curtas Vila do Conde International Film Festival,3
Jerusalem Film Festival,FEST - New Directors / New Films,3
São Paulo International Short Film Festival – Curta Kinoforum,San Sebastián International Film Festival,3
Sarajevo Film Festival,Ottawa International Animation Festival,3
Valladolid International Film Festival,Cleveland International Film Festival,3
Krakow Film Festival,Ottawa International Animation Festival,3
Thessaloniki Documentary Festival,Guanajuato International Film Festival,3
FEST - New Directors / New Films,Côté Court,3
Sophia Awards,Curtas Vila do Conde International Film Festival,3
Edinburgh International Film Festival,Dokufest International Documentary and Short Film Festival,3
Montclair Film Festival,Dokufest International Documentary and Short Film Festival,3
Academy Awards,Athens International Film and Video Festival,3
Helsinki International Film Festival - Love & Anarchy,Stockholm International Film Festival,3
Guadalajara International Film Festival,Berlin International Film Festival,3
São Paulo International Short Film Festival – Curta Kinoforum,Sarasota Film Festival,3
Guadalajara International Film Festival,BFI London Film Festival,3
SXSW Film Festival,Vancouver International Film Festival,3
Solothurn Film Festival,Tirana International Film Festival,3
Hollyshorts Film Festival,Off-Courts Trouville,3
Experimental Film and Video Festival in Seoul,Dokufest International Documentary and Short Film Festival,3
Hong Kong International Film Festival,Dokufest International Documentary and Short Film Festival,3
Message to Man International Film Festival,European Film Awards,3
Valladolid International Film Festival,DOK Leipzig,3
25FPS Festival,IndieLisboa International Independent Film Festival,3
Uppsala Short Film Festival,Brussels Short Film Festival,3
Vancouver International Film Festival,Hawaii International Film Festival,3
Uppsala Short Film Festival,Leiden Shorts,3
Tribeca Film Festival,Milwaukee International Film Festival,3
Seattle International Film Festival,Ghent Film Festival,3
Curtacinema - Rio de Janeiro International Short Film Festival,Dublin International Film Festival,3
MIX Copenhagen LGBTQ+ Film Festival,Guanajuato International Film Festival,3
Internationale Kurzfilmtage Winterthur,Las Palmas Film Festival,3
Krakow Film Festival,AFI Fest,3
Oberhausen International Short Film Festival,Annecy International Animation Festival,3
Krakow Film Festival,Filmfestival Max Ophüls Preis,3
New York Film Festival,Bilbao International Festival of Documentary and Short Films,3
European Film Awards,Viennale,3
Riga International Film Festival,Vilnius International Film Festival (Kino Pavasaris),3
Beijing International Short Film Festival,Festival du Nouveau Cinéma,3
Locarno International Film Festival,European Film Awards,3
Bilbao International Festival of Documentary and Short Films,San Francisco International Film Festival,3
Hollyshorts Film Festival,Internationale Kurzfilmtage Winterthur,3
Camden International Film Festival,Las Palmas Film Festival,3
Sarajevo Film Festival,Milwaukee International Film Festival,3
Buenos Aires International Festival of Independent Cinema,Internationale Kurzfilmtage Winterthur,3
Sarajevo Film Festival,San Sebastián International Film Festival,3
Hollyshorts Film Festival,Leeds International Film Festival,3
Tallinn Black Nights Film Festival,Tirana International Film Festival,3
Animafest Zagreb,Vilnius International Film Festival (Kino Pavasaris),3
Clermont-Ferrand International Short Film Festival,Festival Stop Motion Montreal,3
Cleveland International Film Festival,Annecy International Animation Festival,3
Internationale Kurzfilmtage Winterthur,Dublin International Film Festival,3
Valladolid International Film Festival,Riga International Film Festival,3
Karlovy Vary International Film Festival,Melbourne International Film Festival,3
Canadian Screen Awards,Tallinn Black Nights Film Festival,3
Palm Springs International ShortFest,Santa Barbara International Film Festival,3
DocumentaMadrid,Viennale,3
Cannes Film Festival,Telluride Film Festival,3
SXSW Film Festival,Miami International Film Festival,3
Warsaw International Film Festival,Telluride Film Festival,3
BFI London Film Festival,Gijón International Film Festival,3
Toronto International Film Festival,Frameline: San Francisco International LGBTQ Film Festival,3
Fantasia Film Festival,Annecy International Animation Festival,3
Ghent Film Festival,Mar del Plata International Film Festival,3
Seville European Film Festival,Festival du Nouveau Cinéma,3
Ann Arbor Film Festival,Reykjavik International Film Festival,3
Seattle International Film Festival,Leeds International Film Festival,3
Clermont-Ferrand International Short Film Festival,Tampere Film Festival,3
San Francisco International Film Festival,Mill Valley Film Festival,3
Singapore International Film Festival,Athens International Film and Video Festival,3
Seattle International Film Festival,Vilnius International Film Festival (Kino Pavasaris),3
Singapore International Film Festival,Guanajuato International Film Festival,3
Berlin International Film Festival,Oberhausen International Short Film Festival,3
Ghent Film Festival,Uppsala Short Film Festival,3
Côté Court,IndieLisboa International Independent Film Festival,3
Go Short - International Short Film Festival Nijmegen,Guanajuato International Film Festival,3
Sundance Film Festival,Ann Arbor Film Festival,3
Locarno International Film Festival,Riga International Film Festival,3
Toronto International Film Festival,IndieLisboa International Independent Film Festival,3
AFI Fest,Kurzfilm Festival Hamburg,3
Brooklyn Film Festival,DOK Leipzig,3
Berlin International Film Festival,Fantasia Film Festival,3
Palm Springs International ShortFest,British Independent Film Awards,3
Clermont-Ferrand International Short Film Festival,Porto/Post/Doc,3
Tribeca Film Festival,Fantasia Film Festival,3
Diagonale: Festival of Austrian Film,IndieLisboa International Independent Film Festival,3
RiverRun International Film Festival,Athens International Film and Video Festival,3
Vancouver International Film Festival,Cinéma du Réel,3
Telluride Film Festival,Curtas Vila do Conde International Film Festival,3
AFI Fest,Viennale,3
Vancouver International Film Festival,Tirana International Film Festival,3
Sydney Film Festival,Melbourne International Film Festival,3
Guadalajara International Film Festival,Curtas Vila do Conde International Film Festival,3
SXSW Film Festival,Dokufest International Documentary and Short Film Festival,3
FEST - New Directors / New Films,Durban International Film Festival,3
Venice Film Festival,Festival du Nouveau Cinéma,3
Lima Alterna International Film Festival,Athens International Film and Video Festival,3
Uppsala Short Film Festival,BFI London Film Festival,3
Short Shorts Film Festival & Asia,Encounters Short Film and Animation Festival,3
European Film Awards,BFI London Film Festival,3
Uppsala Short Film Festival,Reykjavik International Film Festival,3
Montreal International Documentary Festival,International Film Festival Rotterdam,3
25FPS Festival,DOK Leipzig,3
Seville European Film Festival,Bilbao International Festival of Documentary and Short Films,3
Encounters Short Film and Animation Festival,Aesthetica Short Film Festival,3
San Francisco International Film Festival,Festival du Nouveau Cinéma,3
Guanajuato International Film Festival,Inside Out Toronto LGBT Film Festival,3
Guadalajara International Film Festival,Sophia Awards,3
Ghent Film Festival,Krakow Film Festival,3
Montreal International Documentary Festival,Las Palmas Film Festival,3
Outfest: Los Angeles Gay & Lesbian Film Festival,Melbourne International Film Festival,3
Cannes Film Festival,Frameline: San Francisco International LGBTQ Film Festival,3
Palm Springs International ShortFest,Cairo International Film Festival,3
Krakow Film Festival,Vilnius International Film Festival (Kino Pavasaris),3
AFI Fest,European Film Awards,3
Internationale Kurzfilmtage Winterthur,Durban International Film Festival,3
São Paulo International Short Film Festival – Curta Kinoforum,Vienna Shorts,3
Clermont-Ferrand International Short Film Festival,Stockholm International Film Festival,3
Seville European Film Festival,IndieLisboa International Independent Film Festival,3
Tallinn Black Nights Film Festival,Mill Valley Film Festival,3
Uppsala Short Film Festival,Kurzfilm Festival Hamburg,3
Solothurn Film Festival,Dokufest International Documentary and Short Film Festival,3
Cinequest San Jose Film Festival,Tallinn Black Nights Film Festival,3
Palm Springs International ShortFest,Mill Valley Film Festival,3
Ghent Film Festival,Seville European Film Festival,3
BFI London Film Festival,Milan Film Festival,3
New York Film Festival,Gijón International Film Festival,3
AFI Fest,Mill Valley Film Festival,3
Guanajuato International Film Festival,Miami International Film Festival,3
Chéries-Chéris,Chicago International Film Festival,3
Reykjavik International Film Festival,Vancouver International Film Festival,3
Hollyshorts Film Festival,Cannes Film Festival,3
Melbourne International Film Festival,São Paulo International Film Festival,3
Chicago International Film Festival,Viennale,3
Krakow Film Festival,Raindance Film Festival,3
Valdivia International Film Festival,Vancouver International Film Festival,3
Reykjavik International Film Festival,Shorts México,3
Palm Springs International ShortFest,Go Short - International Short Film Festival Nijmegen,3
Reykjavik International Film Festival,BFI London Film Festival,3
Locarno International Film Festival,Hong Kong International Film Festival,3
Internationale Kurzfilmtage Winterthur,Cinéma du Réel,3
Seattle International Film Festival,New Zealand International Film Festival,3
São Paulo International Short Film Festival – Curta Kinoforum,Diagonale: Festival of Austrian Film,3
Florida Film Festival,Animafest Zagreb,3
São Paulo International Short Film Festival – Curta Kinoforum,Uppsala Short Film Festival,3
Durban International Film Festival,Dokufest International Documentary and Short Film Festival,3
Singapore International Film Festival,International Film Festival Rotterdam,3
Sundance Film Festival,Curtas Vila do Conde International Film Festival,3
Outfest: Los Angeles Gay & Lesbian Film Festival,Curtas Vila do Conde International Film Festival,3
Milwaukee International Film Festival,Cleveland International Film Festival,3
Maryland Film Festival,Fantasia Film Festival,3
OFF - Odense International Film Festival,Athens International Film and Video Festival,3
Philadelphia Film Festival,Milwaukee International Film Festival,3
Locarno International Film Festival,Kurzfilm Festival Hamburg,3
Dokufest International Documentary and Short Film Festival,Tirana International Film Festival,3
DOK Leipzig,Milan Film Festival,2
Telluride Film Festival,DOK Leipzig,2
Off-Courts Trouville,DOK Leipzig,2
25FPS Festival,Leiden Shorts,2
Landshut Short Film Festival,Annecy International Animation Festival,2
Tampere Film Festival,Tallinn Black Nights Film Festival,2
Singapore International Film Festival,Pink Screens,2
Mar del Plata International Film Festival,Gijón International Film Festival,2
SXSW Film Festival,Galway Film Fleadh,2
Ottawa International Animation Festival,Beijing International Short Film Festival,2
DOC NYC,Tallinn Black Nights Film Festival,2
SXSW Film Festival,Neuchâtel International Fantastic Film Festival,2
Warsaw International Film Festival,Viennale,2
Seattle International Film Festival,Mar del Plata International Film Festival,2
Sundance Film Festival,Sitges - Catalonian International Film Festival,2
Helsinki International Film Festival - Love & Anarchy,Valdivia International Film Festival,2
Warsaw International Film Festival,Oberhausen International Short Film Festival,2
New Directors New Films,Hong Kong International Film Festival,2
Helsinki International Film Festival - Love & Anarchy,Brussels Short Film Festival,2
Thessaloniki Film Festival,LesGaiCineMad,2
Huesca International Film Festival,Durban International Film Festival,2
Krakow Film Festival,César Awards,2
New York Film Festival,Golden Horse Film Festival,2
Ghent Film Festival,Sitges - Catalonian International Film Festival,2
QCinema – Quezon City International Film Festival,Tirana International Film Festival,2
Cairo International Film Festival,Melbourne International Film Festival,2
Durban International Film Festival,Landshut Short Film Festival,2
Toronto International Film Festival,Milan Film Festival,2
European Film Awards,Tirana International Film Festival,2
São Paulo International Short Film Festival – Curta Kinoforum,Outfest: Los Angeles Gay & Lesbian Film Festival,2
Encounters Short Film and Animation Festival,Clermont-Ferrand Short Film Market Picks,2
Rome Independent Film Festival,Festival du Nouveau Cinéma,2
Hollyshorts Film Festival,Rhode Island International Film Festival,2
Seattle International Film Festival,Viennale,2
FEST - New Directors / New Films,Raindance Film Festival,2
European Film Awards,Gijón International Film Festival,2
AFI Fest,Locarno International Film Festival,2
Whistler Film Festival,Kurzfilm Festival Hamburg,2
Camden International Film Festival,Cinéma du Réel,2
Chéries-Chéris,Inside Out Toronto LGBT Film Festival,2
Canadian Screen Awards,Guanajuato International Film Festival,2
Encounters Short Film and Animation Festival,Busan International Short Film Festival,2
Athens International Film Festival,Melbourne International Film Festival,2
Helsinki International Film Festival - Love & Anarchy,Mardi Gras Film Festival,2
New Directors New Films,Buenos Aires International Festival of Independent Cinema,2
Uppsala Short Film Festival,San Sebastián International Film Festival,2
Tallinn Black Nights Film Festival,Tribeca Film Festival,2
Tallinn Black Nights Film Festival,Gaudí Awards,2
Sundance Film Festival,Inside Out Toronto LGBT Film Festival,2
New Directors New Films,Riga International Film Festival,2
Curtacinema - Rio de Janeiro International Short Film Festival,Vienna Shorts,2
FEST - New Directors / New Films,Valladolid International Film Festival,2
Hollyshorts Film Festival,Tromsø International Film Festival,2
Camden International Film Festival,Internationale Kurzfilmtage Winterthur,2
SXSW Film Festival,Tromsø International Film Festival,2
Camden International Film Festival,Singapore International Film Festival,2
Porto/Post/Doc,Annecy International Animation Festival,2
Krakow Film Festival,New Horizons International Film Festival,2
Sarajevo Film Festival,Tirana International Film Festival,2
Calgary International Film Festival,Cleveland International Film Festival,2
FEST - New Directors / New Films,Buenos Aires International Festival of Independent Cinema,2
True/False Film Festival,Leiden Shorts,2
Helsinki International Film Festival - Love & Anarchy,Mix Brasil,2
Havana Film Festival,Festival du Nouveau Cinéma,2
Mardi Gras Film Festival,Annecy International Animation Festival,2
Whistler Film Festival,OFF - Odense International Film Festival,2
Sundance Film Festival,Warsaw International Film Festival,2
Sydney Film Festival,Thessaloniki Film Festival,2
Chicago Underground Film Festival,Annecy International Animation Festival,2
DOC NYC,European Film Awards,2
Whistler Film Festival,Festival du Nouveau Cinéma,2
São Paulo International Film Festival,Mill Valley Film Festival,2
Edinburgh International Film Festival,Raindance Film Festival,2
Cinéma du Réel,Tirana International Film Festival,2
Experimental Film and Video Festival in Seoul,Festival du Nouveau Cinéma,2
Jerusalem Film Festival,Milwaukee International Film Festival,2
Seattle International Film Festival,Thessaloniki Film Festival,2
Athens International Film and Video Festival,Frameline: San Francisco International LGBTQ Film Festival,2
Chéries-Chéris,Festival du Nouveau Cinéma,2
Gijón International Film Festival,Curtas Vila do Conde International Film Festival,2
Chicago International Film Festival,Calgary International Film Festival,2
Palm Springs International ShortFest,Hawaii International Film Festival,2
Cartagena Film Festival,Uppsala Short Film Festival,2
Queer Lisboa,Rio de Janeiro International Film Festival,2
Brooklyn Film Festival,Athens International Film and Video Festival,2
Guanajuato International Film Festival,Florida Film Festival,2
San Sebastián International Film Festival,Milan Film Festival,2
Queer Lisboa,Kurzfilm Festival Hamburg,2
Palm Springs International ShortFest,Havana Film Festival,2
Beijing International Short Film Festival,Tirana International Film Festival,2
Sundance Film Festival,International Documentary Film Festival Amsterdam,2
AFI Fest,Mar del Plata International Film Festival,2
San Francisco International Film Festival,Leeds International Film Festival,2
Clermont-Ferrand International Short Film Festival,Montreal International Documentary Festival,2
Encounters Short Film and Animation Festival,Festival international du film indépendant de Bordeaux,2
Guanajuato International Film Festival,Frameline: San Francisco International LGBTQ Film Festival,2
Sundance Film Festival,Stockholm International Film Festival,2
Calgary International Film Festival,Kurzfilm Festival Hamburg,2
Bogoshorts - Bogota Short Film Festival,Curtas Vila do Conde International Film Festival,2
Warsaw International Film Festival,Tribeca Film Festival,2
Philadelphia Film Festival,Landshut Short Film Festival,2
Valdivia International Film Festival,BFI London Film Festival,2
DOK Leipzig,Fantasia Film Festival,2
Cannes Film Festival,Ann Arbor Film Festival,2
Seattle International Film Festival,Vienna Shorts,2
Buenos Aires International Festival of Independent Cinema,Toronto International Film Festival,2
Ghent Film Festival,Golden Horse Film Festival,2
Kurzfilm Festival Hamburg,Bergen International Film Festival,2
Solothurn Film Festival,FEST - New Directors / New Films,2
Athens International Film and Video Festival,Rome Independent Film Festival,2
Frameline: San Francisco International LGBTQ Film Festival,NewFest - The New York LGBTQ+ Film Festival,2
Internationale Kurzfilmtage Winterthur,Sarasota Film Festival,2
Helsinki International Film Festival - Love & Anarchy,Norwegian International Film Festival,2
Camden International Film Festival,Experimental Film and Video Festival in Seoul,2
Melbourne International Film Festival,Tirana International Film Festival,2
Clermont-Ferrand International Short Film Festival,Tribeca Film Festival,2
Rio de Janeiro International Film Festival,Short Waves Festival,2
Shorts México,IndieLisboa International Independent Film Festival,2
Santa Barbara International Film Festival,BAFTA Awards,2
Reykjavik International Film Festival,Leiden Shorts,2
Valdivia International Film Festival,Leiden Shorts,2
Whistler Film Festival,Curtas Vila do Conde International Film Festival,2
Hong Kong International Film Festival,Sophia Awards,2
Pesaro International Festival of New Cinema,Ann Arbor Film Festival,2
Porto/Post/Doc,Go Short - International Short Film Festival Nijmegen,2
Ghent Film Festival,Guadalajara International Film Festival,2
Cleveland International Film Festival,Athens International Film Festival,2
Tampere Film Festival,Sarajevo Film Festival,2
AFI Fest,Tirana International Film Festival,2
Off-Courts Trouville,Internationale Kurzfilmtage Winterthur,2
Experimental Film and Video Festival in Seoul,Guanajuato International Film Festival,2
Cannes Film Festival,Tromsø International Film Festival,2
AFI Fest,Sitges - Catalonian International Film Festival,2
Maryland Film Festival,Guanajuato International Film Festival,2
Bilbao International Festival of Documentary and Short Films,Beijing International Short Film Festival,2
Oberhausen International Short Film Festival,Gijón International Film Festival,2
Seville European Film Festival,Hong Kong International Film Festival,2
Chicago International Film Festival,Singapore International Film Festival,2
BAFTA Awards (Scotland),Encounters Short Film and Animation Festival,2
Vancouver International Film Festival,Milan Film Festival,2
Toronto International Film Festival,Philadelphia Film Festival,2
Clermont-Ferrand International Short Film Festival,Busan International Short Film Festival,2
FIRST International Film Festival Xining,Fantasia Film Festival,2
Athens International Film and Video Festival,Thessaloniki Film Festival,2
Sundance Film Festival,Fantasia Film Festival,2
Raindance Film Festival,IndieLisboa International Independent Film Festival,2
Tallinn Black Nights Film Festival,Festival Stop Motion Montreal,2
Brussels Short Film Festival,Leeds International Film Festival,2
Golden Horse Film Festival,Stockholm International Film Festival,2
Bilbao International Festival of Documentary and Short Films,BFI Flare: London LGBTIQ+ Film Festival,2
São Paulo International Short Film Festival – Curta Kinoforum,Ann Arbor Film Festival,2
Palm Springs International ShortFest,Adelaide Film Festival,2
Telluride Film Festival,European Film Awards,2
Athens International Film and Video Festival,Tirana International Film Festival,2
Chicago International Film Festival,Golden Horse Film Festival,2
Florida Film Festival,BFI London Film Festival,2
Pesaro International Festival of New Cinema,Tirana International Film Festival,2
Cannes Film Festival,Kurzfilm Festival Hamburg,2
International Documentary Film Festival Amsterdam,Hot Docs Canadian International Documentary Festival,2
Edinburgh International Film Festival,BAFTA Awards,2
Sundance Film Festival,Guadalajara International Film Festival,2
Message to Man International Film Festival,Annecy International Animation Festival,2
Berlin International Film Festival,Valdivia International Film Festival,2
Helsinki International Film Festival - Love & Anarchy,Bergen International Film Festival,2
Krakow Film Festival,Venice Film Festival,2
Chicago International Film Festival,Sophia Awards,2
Locarno International Film Festival,Vienna Shorts,2
Bilbao International Festival of Documentary and Short Films,Dublin International Film Festival,2
Palm Springs International ShortFest,Transilvania International Film Festival,2
Sundance Film Festival,Athens International Film and Video Festival,2
Oberhausen International Short Film Festival,Vancouver International Film Festival,2
Valdivia International Film Festival,Reykjavik International Film Festival,2
Clermont-Ferrand International Short Film Festival,New Directors New Films,2
São Paulo International Short Film Festival – Curta Kinoforum,Shorts México,2
Berlin International Film Festival,Sitges - Catalonian International Film Festival,2
Valladolid International Film Festival,Sophia Awards,2
New York Film Festival,International Documentary Film Festival Amsterdam,2
Palm Springs International ShortFest,Singapore International Film Festival,2
Montreal International Documentary Festival,Toronto International Film Festival,2
Toronto International Film Festival,Sarasota Film Festival,2
Queer Lisboa,Inside Out Toronto LGBT Film Festival,2
Ghent Film Festival,Sundance Film Festival,2
FEST - New Directors / New Films,Hof International Film Festival,2
Guadalajara International Film Festival,Riga International Film Festival,2
Internationale Kurzfilmtage Winterthur,San Sebastián International Film Festival,2
Queer Lisboa,International Film Festival Rotterdam,2
OFF - Odense International Film Festival,Leiden Shorts,2
Rome Independent Film Festival,Curtas Vila do Conde International Film Festival,2
AFI Fest,São Paulo International Film Festival,2
Jerusalem Film Festival,Athens International Film and Video Festival,2
Seville European Film Festival,AFI Fest,2
New Zealand International Film Festival,Guanajuato International Film Festival,2
Chéries-Chéris,Mardi Gras Film Festival,2
AFI Fest,London Critics Circle Film Awards,2
It's All True - International Documentary Festival,Palm Springs International ShortFest,2
Solothurn Film Festival,European Film Awards,2
Golden Horse Film Festival,São Paulo International Film Festival,2
Edinburgh International Film Festival,AFI Fest,2
Toronto International Film Festival,Cinéma du Réel,2
Santa Barbara International Film Festival,San Sebastián International Film Festival,2
Singapore International Film Festival,Beijing International Short Film Festival,2
Chéries-Chéris,LesGaiCineMad,2
Curtacinema - Rio de Janeiro International Short Film Festival,Cinéma du Réel,2
Out on Film,Mardi Gras Film Festival,2
Bilbao International Festival of Documentary and Short Films,Brussels Short Film Festival,2
OFF - Odense International Film Festival,Kurzfilm Festival Hamburg,2
New York Film Festival,Raindance Film Festival,2
Doc Fortnight,International Film Festival Rotterdam,2
Clermont-Ferrand International Short Film Festival,Sarasota Film Festival,2
Dublin International Film Festival,Milwaukee International Film Festival,2
Queer Lisboa,Athens International Film Festival,2
AFI Fest,International Film Festival Rotterdam,2
Valladolid International Film Festival,BFI London Film Festival,2
Message to Man International Film Festival,Valladolid International Film Festival,2
Beijing International Short Film Festival,Vilnius International Film Festival (Kino Pavasaris),2
Thessaloniki Film Festival,Milan Film Festival,2
Bilbao International Festival of Documentary and Short Films,BFI London Film Festival,2
Helsinki International Film Festival - Love & Anarchy,San Sebastián International Film Festival,2
Sarajevo Film Festival,Telluride Film Festival,2
Seattle International Film Festival,Canadian Screen Awards,2
Hollyshorts Film Festival,British Independent Film Awards,2
Helsinki International Film Festival - Love & Anarchy,Côté Court,2
FEST - New Directors / New Films,Riga International Film Festival,2
Encounters Short Film and Animation Festival,QCinema – Quezon City International Film Festival,2
Athens International Film Festival,Stockholm International Film Festival,2
Toronto International Film Festival,Valdivia International Film Festival,2
Seattle International Film Festival,Florida Film Festival,2
Palm Springs International ShortFest,Thessaloniki Documentary Festival,2
Viennale,São Paulo International Film Festival,2
Beyond Fest,BFI London Film Festival,2
Festival de Cine Iberoamericano de Huelva,Chicago International Film Festival,2
Encounters Short Film and Animation Festival,Lebu International Film Festival,2
Berlin International Film Festival,Athens International Film and Video Festival,2
International Documentary Film Festival Amsterdam,Kurzfilm Festival Hamburg,2
Porto/Post/Doc,Guanajuato International Film Festival,2
Irish Film and Television Awards,Palm Springs International ShortFest,2
DocumentaMadrid,25FPS Festival,2
Göteborg Film Festival,DOK Leipzig,2
Seattle International Film Festival,Côté Court,2
FEST - New Directors / New Films,Tampere Film Festival,2
Oberhausen International Short Film Festival,Viennale,2
Ghent Film Festival,Tirana International Film Festival,2
Berlin International Film Festival,Vilnius International Film Festival (Kino Pavasaris),2
Camden International Film Festival,Palm Springs International ShortFest,2
Berlin International Film Festival,Queer Lisboa,2
Riga International Film Festival,Côté Court,2
Leiden Shorts,Cinéma du Réel,2
Beyond Fest,Palm Springs International ShortFest,2
Cairo International Film Festival,DOK Leipzig,2
Go Short - International Short Film Festival Nijmegen,Animafest Zagreb,2
Canadian Screen Awards,Festival du Nouveau Cinéma,2
Warsaw International Film Festival,Milwaukee International Film Festival,2
Toronto International Film Festival,Leeds International Film Festival,2
Off-Courts Trouville,Ottawa International Animation Festival,2
FICUNAM,Melbourne International Film Festival,2
Palm Springs International ShortFest,Bergen International Film Festival,2
Whistler Film Festival,Landshut Short Film Festival,2
Whistler Film Festival,Cannes Film Festival,2
Encounters Short Film and Animation Festival,Atlanta Film Festival,2
Clermont-Ferrand International Short Film Festival,Karlovy Vary International Film Festival,2
Mardi Gras Film Festival,Inside Out Toronto LGBT Film Festival,2
Sitges - Catalonian International Film Festival,Athens International Film Festival,2
Ghent Film Festival,BAFTA Awards,2
Brooklyn Film Festival,Cannes Film Festival,2
Montreal International Documentary Festival,Reykjavik International Film Festival,2
Curtacinema - Rio de Janeiro International Short Film Festival,Valladolid International Film Festival,2
Frameline: San Francisco International LGBTQ Film Festival,Pink Screens,2
Philadelphia Film Festival,Vancouver International Film Festival,2
Hollyshorts Film Festival,Ottawa International Animation Festival,2
New York Film Festival,São Paulo International Film Festival,2
Ottawa International Animation Festival,San Francisco International Film Festival,2
Edinburgh International Film Festival,Berlin International Film Festival,2
Internationale Kurzfilmtage Winterthur,Cleveland International Film Festival,2
Athens International Film Festival,International Film Festival Rotterdam,2
Shorts México,Landshut Short Film Festival,2
Montclair Film Festival,Melbourne International Film Festival,2
FEST - New Directors / New Films,Festival international du film indépendant de Bordeaux,2
Montclair Film Festival,Palm Springs International ShortFest,2
ARKIPEL International Documentary and Experimental Film Festival,Encounters Short Film and Animation Festival,2
Frameline: San Francisco International LGBTQ Film Festival,Iris Prize LGBTQ+ Film Festival,2
Tallinn Black Nights Film Festival,Diagonale: Festival of Austrian Film,2
Sydney Film Festival,Queer Lisboa,2
DMZ International Documentary Film Festival,Valdivia International Film Festival,2
AFI Fest,Côté Court,2
Clermont-Ferrand International Short Film Festival,Hot Docs Canadian International Documentary Festival,2
Landshut Short Film Festival,Seattle Queer Film Festival,2
Cartagena Film Festival,Vancouver International Film Festival,2
Guadalajara International Film Festival,Valdivia International Film Festival,2
Jerusalem Film Festival,Reykjavik International Film Festival,2
Seattle International Film Festival,Africa Movie Academy Awards,2
Seattle International Film Festival,Dokufest International Documentary and Short Film Festival,2
Solothurn Film Festival,Seattle Queer Film Festival,2
Kurzfilm Festival Hamburg,BFI London Film Festival,2
Miami International Film Festival,Rio de Janeiro International Film Festival,2
Shanghai International Film Festival,Animafest Zagreb,2
Cartagena Film Festival,Curtacinema - Rio de Janeiro International Short Film Festival,2
Moscow International Film Festival,IndieLisboa International Independent Film Festival,2
Warsaw International Film Festival,Camerimage,2
Guadalajara International Film Festival,Vilnius International Film Festival (Kino Pavasaris),2
Chéries-Chéris,Thessaloniki Film Festival,2
Ghent Film Festival,San Francisco International Film Festival,2
New York Film Festival,Camden International Film Festival,2
Bilbao International Festival of Documentary and Short Films,Animafest Zagreb,2
Festival du Nouveau Cinéma,British Independent Film Awards,2
Seville European Film Festival,Vancouver International Film Festival,2
Hong Kong International Film Festival,Vancouver International Film Festival,2
True/False Film Festival,Athens International Film and Video Festival,2
OFF - Odense International Film Festival,Leeds International Film Festival,2
Buenos Aires International Festival of Independent Cinema,IndieLisboa International Independent Film Festival,2
São Paulo International Short Film Festival – Curta Kinoforum,Tirana International Film Festival,2
Berlin International Film Festival,Kurzfilm Festival Hamburg,2
São Paulo International Short Film Festival – Curta Kinoforum,Telluride Film Festival,2
Warsaw International Film Festival,São Paulo International Short Film Festival – Curta Kinoforum,2
São Paulo International Short Film Festival – Curta Kinoforum,Frameline: San Francisco International LGBTQ Film Festival,2
FIRST International Film Festival Xining,Guanajuato International Film Festival,2
Austin Film Festival,Annecy International Animation Festival,2
Animafest Zagreb,Curtas Vila do Conde International Film Festival,2
Montreal International Documentary Festival,Leiden Shorts,2
Off-Courts Trouville,Animafest Zagreb,2
Reykjavik International Film Festival,BFI Flare: London LGBTIQ+ Film Festival,2
Toronto International Film Festival,San Sebastián International Film Festival,2
Athens International Film and Video Festival,Athens International Film Festival,2
Locarno International Film Festival,São Paulo International Film Festival,2
Calgary International Film Festival,Tribeca Film Festival,2
Bilbao International Festival of Documentary and Short Films,Sarajevo Film Festival,2
Berlin International Film Festival,Frameline: San Francisco International LGBTQ Film Festival,2
New York Film Festival,Message to Man International Film Festival,2
Visions du Réel,Leiden Shorts,2
Jerusalem Film Festival,Buenos Aires International Festival of Independent Cinema,2
RiverRun International Film Festival,San Francisco International Film Festival,2
Cannes Film Festival,Gijón International Film Festival,2
São Paulo International Short Film Festival – Curta Kinoforum,Raindance Film Festival,2
Adelaide Film Festival,Animafest Zagreb,2
Cannes Film Festival,Bogoshorts - Bogota Short Film Festival,2
Guadalajara International Film Festival,Rio de Janeiro International Film Festival,2
Ghent Film Festival,FICUNAM,2
FEST - New Directors / New Films,Calgary International Film Festival,2
Ghent Film Festival,Curtacinema - Rio de Janeiro International Short Film Festival,2
Sarasota Film Festival,San Sebastián International Film Festival,2
Seattle International Film Festival,Philadelphia Film Festival,2
Irish Film and Television Awards,BAFTA Awards,2
Dublin International Film Festival,Riga International Film Festival,2
Toronto International Film Festival,Las Palmas Film Festival,2
Warsaw International Film Festival,Toronto International Film Festival,2
Palm Springs International ShortFest,Florida Film Festival,2
Off-Courts Trouville,Tromsø International Film Festival,2
SXSW Film Festival,Seattle Queer Film Festival,2
Seattle International Film Festival,Tromsø International Film Festival,2
Huesca International Film Festival,Tirana International Film Festival,2
Ann Arbor Film Festival,Valladolid International Film Festival,2
Short Shorts Film Festival & Asia,Tallinn Black Nights Film Festival,2
Beijing International Short Film Festival,Dokufest International Documentary and Short Film Festival,2
Porto/Post/Doc,Uppsala Short Film Festival,2
Riga International Film Festival,Queer Lisboa,2
Open City Documentary Festival,Curtas Vila do Conde International Film Festival,2
Tallinn Black Nights Film Festival,Neuchâtel International Fantastic Film Festival,2
Porto/Post/Doc,Slamdance Film Festival,2
Seattle International Film Festival,Uppsala Short Film Festival,2
International Documentary Film Festival Amsterdam,Côté Court,2
Tallinn Black Nights Film Festival,Havana Film Festival,2
New Directors New Films,San Sebastián International Film Festival,2
Clermont-Ferrand International Short Film Festival,FIRST International Film Festival Xining,2
Outfest: Los Angeles Gay & Lesbian Film Festival,Kurzfilm Festival Hamburg,2
Moscow International Film Festival,Annecy International Animation Festival,2
Tallinn Black Nights Film Festival,British Independent Film Awards,2
Norwegian International Film Festival,Fantasia Film Festival,2
Thessaloniki Film Festival,Landshut Short Film Festival,2
Telluride Film Festival,Riga International Film Festival,2
Cairo International Film Festival,Curtas Vila do Conde International Film Festival,2
Valladolid International Film Festival,Filmfest Bremen,2
Viennale,Vienna Shorts,2
Academy Awards,Buenos Aires International Festival of Independent Cinema,2
Hollyshorts Film Festival,Aspen Shortsfest,2
Dublin International Film Festival,Miami International Film Festival,2
Tribeca Film Festival,Cleveland International Film Festival,2
Athens International Film and Video Festival,Philadelphia Film Festival,2
Cork International Film Festival,Dokufest International Documentary and Short Film Festival,2
Krakow Film Festival,Message to Man International Film Festival,2
Raindance Film Festival,Dokufest International Documentary and Short Film Festival,2
Frameline: San Francisco International LGBTQ Film Festival,Mardi Gras Film Festival,2
Hollyshorts Film Festival,Sundance Film Festival,2
Clermont-Ferrand International Short Film Festival,Filmfestival Max Ophüls Preis,2
Calgary International Film Festival,Fribourg International Film Festival,2
Encounters Short Film and Animation Festival,Geneva Film Festival,2
Ghent Film Festival,Go Short - International Short Film Festival Nijmegen,2
Solothurn Film Festival,Curtas Vila do Conde International Film Festival,2
Camden International Film Festival,Kurzfilm Festival Hamburg,2
True/False Film Festival,Singapore International Film Festival,2
Mar del Plata International Film Festival,Munich Film Festival,2
Tallinn Black Nights Film Festival,Mar del Plata International Film Festival,2
Africa Movie Academy Awards,Palm Springs International ShortFest,2
Toronto International Film Festival,Sophia Awards,2
Vancouver International Film Festival,Las Palmas Film Festival,2
Mardi Gras Film Festival,NewFest - The New York LGBTQ+ Film Festival,2
Bilbao International Festival of Documentary and Short Films,Tirana International Film Festival,2
FICUNAM,Athens International Film and Video Festival,2
São Paulo International Short Film Festival – Curta Kinoforum,Vilnius International Film Festival (Kino Pavasaris),2
OFF - Odense International Film Festival,Stockholm International Film Festival,2
Iris Prize LGBTQ+ Film Festival,Pink Screens,2
Buenos Aires International Festival of Independent Cinema,OFF - Odense International Film Festival,2
Golden Horse Film Festival,Milan Film Festival,2
Ottawa International Animation Festival,Philadelphia Film Festival,2
OUTshine LGBTQ+ Film Festival: Miami Edition,Kurzfilm Festival Hamburg,2
Encounters Short Film and Animation Festival,San Francisco IndieFest,2
São Paulo International Short Film Festival – Curta Kinoforum,Riga International Film Festival,2
Reykjavik International Film Festival,Vilnius International Film Festival (Kino Pavasaris),2
Cinequest San Jose Film Festival,New Zealand International Film Festival,2
Toronto International Film Festival,Diagonale: Festival of Austrian Film,2
Curtacinema - Rio de Janeiro International Short Film Festival,Doc Fortnight,2
AFI Fest,Philadelphia Film Festival,2
IndieLisboa International Independent Film Festival,Milan Film Festival,2
International Documentary Film Festival Amsterdam,Vancouver International Film Festival,2
Hot Docs Canadian International Documentary Festival,BAFTA Awards,2
Helsinki International Film Festival - Love & Anarchy,Venice Film Festival,2
Clermont-Ferrand International Short Film Festival,Cork International Film Festival,2
OFF - Odense International Film Festival,Sophia Awards,2
Vienna Shorts,Cinéma du Réel,2
Athens International Film and Video Festival,Beijing International Short Film Festival,2
Brooklyn Film Festival,Fantasia Film Festival,2
Helsinki International Film Festival - Love & Anarchy,Bucharest Short Film Festival,2
Oberhausen International Short Film Festival,Filmfestival Max Ophüls Preis,2
Seattle International Film Festival,Cairo International Film Festival,2
Calgary International Film Festival,Milan Film Festival,2
Seville European Film Festival,Milan Film Festival,2
Montreal International Documentary Festival,Tallinn Black Nights Film Festival,2
Raindance Film Festival,Uppsala Short Film Festival,2
Guadalajara International Film Festival,Bilbao International Festival of Documentary and Short Films,2
Dublin International Film Festival,Leiden Shorts,2
Tallinn Black Nights Film Festival,Festival international du film indépendant de Bordeaux,2
Queer Lisboa,Landshut Short Film Festival,2
São Paulo International Short Film Festival – Curta Kinoforum,Brussels Short Film Festival,2
Moscow International Film Festival,Frameline: San Francisco International LGBTQ Film Festival,2
Guadalajara International Film Festival,Adelaide Film Festival,2
Thessaloniki Film Festival,Curtas Vila do Conde International Film Festival,2
Guadalajara International Film Festival,Shorts México,2
Warsaw International Film Festival,International Documentary Film Festival Amsterdam,2
AFI Fest,Durban International Film Festival,2
Leiden Shorts,Vienna Shorts,2
Sundance Film Festival,New Directors New Films,2
São Paulo International Short Film Festival – Curta Kinoforum,Dublin International Film Festival,2
Telluride Film Festival,Vilnius International Film Festival (Kino Pavasaris),2
Tallinn Black Nights Film Festival,Gijón International Film Festival,2
Tallinn Black Nights Film Festival,Karlovy Vary International Film Festival,2
Guadalajara International Film Festival,Göteborg Film Festival,2
True/False Film Festival,Las Palmas Film Festival,2
Palm Springs International ShortFest,Galway Film Fleadh,2
Berlin International Film Festival,LesGaiCineMad,2
Montclair Film Festival,Helsinki International Film Festival - Love & Anarchy,2
Encounters Short Film and Animation Festival,Experimental Film Festival Process,2
Cartagena Film Festival,SXSW Film Festival,2
European Film Awards,Filmfestival Max Ophüls Preis,2
Rome Independent Film Festival,Leiden Shorts,2
Camden International Film Festival,Viennale,2
Dublin International Film Festival,Curtas Vila do Conde International Film Festival,2
Guadalajara International Film Festival,Leiden Shorts,2
Oberhausen International Short Film Festival,DOK Leipzig,2
Sundance Film Festival,Hot Docs Canadian International Documentary Festival,2
Locarno International Film Festival,Landshut Short Film Festival,2
Encounters Short Film and Animation Festival,CAAMFest,2
Krakow Film Festival,Sophia Awards,2
Berlin International Film Festival,Hong Kong International Film Festival,2
OFF - Odense International Film Festival,Guanajuato International Film Festival,2
Encounters Short Film and Animation Festival,Open City Documentary Festival,2
Uppsala Short Film Festival,QCinema – Quezon City International Film Festival,2
Clermont-Ferrand International Short Film Festival,Bogoshorts - Bogota Short Film Festival,2
Clermont-Ferrand International Short Film Festival,Magritte Awards,2
Seville European Film Festival,Berlin International Film Festival,2
BFI London Film Festival,São Paulo International Film Festival,2
Ann Arbor Film Festival,Valdivia International Film Festival,2
Cannes Film Festival,Las Palmas Film Festival,2
Curtacinema - Rio de Janeiro International Short Film Festival,BFI London Film Festival,2
New York Film Festival,DMZ International Documentary Film Festival,2
Doc Fortnight,Singapore International Film Festival,2
Experimental Film Festival Process,Festival du Nouveau Cinéma,2
Montreal International Documentary Festival,Vancouver International Film Festival,2
Reykjavik International Film Festival,Tirana International Film Festival,2
Mar del Plata International Film Festival,Vancouver International Film Festival,2
Curtacinema - Rio de Janeiro International Short Film Festival,Ann Arbor Film Festival,2
Seville European Film Festival,Milwaukee International Film Festival,2
Guadalajara International Film Festival,Philadelphia Film Festival,2
Porto/Post/Doc,Tallinn Black Nights Film Festival,2
FEST - New Directors / New Films,European Film Awards,2
Ghent Film Festival,Venice Film Festival,2
AFI Fest,Fantasia Film Festival,2
Ann Arbor Film Festival,International Documentary Film Festival Amsterdam,2
Locarno International Film Festival,International Film Festival Rotterdam,2
Raindance Film Festival,Stockholm International Film Festival,2
Canadian Screen Awards,Annecy International Animation Festival,2
Palm Springs International ShortFest,David di Donatello Awards,2
Calgary International Film Festival,Toronto Reel Asian Film Festival,2
Experimental Film and Video Festival in Seoul,Viennale,2
Cork International Film Festival,Las Palmas Film Festival,2
Toronto International Film Festival,DMZ International Documentary Film Festival,2
Leiden Shorts,Milan Film Festival,2
New Directors New Films,Berlin International Film Festival,2
Moscow International Film Festival,Vancouver International Film Festival,2
New Zealand International Film Festival,Helsinki International Film Festival - Love & Anarchy,2
Tallinn Black Nights Film Festival,São Paulo International Film Festival,2
Palm Springs International ShortFest,Hot Docs Canadian International Documentary Festival,2
Telluride Film Festival,Vancouver International Film Festival,2
Encounters Short Film and Animation Festival,London Short Film Festival,2
Montclair Film Festival,Seattle Queer Film Festival,2
Stockholm International Film Festival,Bergen International Film Festival,2
It's All True - International Documentary Festival,IndieLisboa International Independent Film Festival,2
MIX Copenhagen LGBTQ+ Film Festival,Maryland Film Festival,2
DOC NYC,Internationale Kurzfilmtage Winterthur,2
Seattle International Film Festival,Krakow Film Festival,2
25FPS Festival,Toronto International Film Festival,2
Helsinki International Film Festival - Love & Anarchy,BFI London Film Festival,2
Leiden Shorts,Tirana International Film Festival,2
Cannes Film Festival,Go Short - International Short Film Festival Nijmegen,2
Ghent Film Festival,Academy Awards,2
Doc Fortnight,Athens International Film and Video Festival,2
Slamdance Film Festival,IndieLisboa International Independent Film Festival,2
Sundance Film Festival,Vilnius International Film Festival (Kino Pavasaris),2
Encounters Short Film and Animation Festival,BlackStar Film Festival,2
Ghent Film Festival,Message to Man International Film Festival,2
Encounters Short Film and Animation Festival,CPH:DOX,2
Animafest Zagreb,Tromsø International Film Festival,2
Vancouver International Film Festival,Filmfestival Max Ophüls Preis,2
Canadian Screen Awards,Vancouver International Film Festival,2
Uppsala Short Film Festival,Viennale,2
Seattle International Film Festival,Tampere Film Festival,2
Seattle International Film Festival,Shorts México,2
Tallinn Black Nights Film Festival,Cyprus International Film Festival,2
Tallinn Black Nights Film Festival,Cairo International Film Festival,2
Adelaide Film Festival,Curtas Vila do Conde International Film Festival,2
Reykjavik International Film Festival,Oberhausen International Short Film Festival,2
Hollyshorts Film Festival,OFF - Odense International Film Festival,2
Montreal International Documentary Festival,BFI London Film Festival,2
Landshut Short Film Festival,International Film Festival Rotterdam,2
FICUNAM,Leiden Shorts,2
Palm Springs International ShortFest,Rio de Janeiro International Film Festival,2
Adelaide Film Festival,Leeds International Film Festival,2
MIX Copenhagen LGBTQ+ Film Festival,Seattle Queer Film Festival,2
Riga International Film Festival,Athens International Film Festival,2
Leiden Shorts,Festival du Nouveau Cinéma,2
Athens International Film and Video Festival,Filmfestival Max Ophüls Preis,2
Berlin International Film Festival,Vancouver International Film Festival,2
Seville European Film Festival,Venice Film Festival,2
Message to Man International Film Festival,Athens International Film and Video Festival,2
Guanajuato International Film Festival,New Horizons International Film Festival,2
New York Film Festival,Beijing International Short Film Festival,2
Raindance Film Festival,Fribourg International Film Festival,2
Rendez-vous Québec Cinéma,Annecy International Animation Festival,2
Queer Lisboa,Mardi Gras Film Festival,2
Chicago International Film Festival,Animafest Zagreb,2
Bilbao International Festival of Documentary and Short Films,Angers European First Film Festival,2
Seattle International Film Festival,Frameline: San Francisco International LGBTQ Film Festival,2
Diagonale: Festival of Austrian Film,Curtas Vila do Conde International Film Festival,2
Seattle International Film Festival,Santa Barbara International Film Festival,2
Guadalajara International Film Festival,OFF - Odense International Film Festival,2
Landshut Short Film Festival,Busan International Short Film Festival,2
Queer Lisboa,Vilnius International Film Festival (Kino Pavasaris),2
Jerusalem Film Festival,Côté Court,2
Cinequest San Jose Film Festival,Queer Lisboa,2
Tallinn Black Nights Film Festival,Sicilia Queer filmfest,2
Tribeca Film Festival,Frameline: San Francisco International LGBTQ Film Festival,2
Doc Fortnight,Melbourne International Film Festival,2
Montreal International Documentary Festival,Locarno International Film Festival,2
Raindance Film Festival,Tribeca Film Festival,2
Cartagena Film Festival,Guadalajara International Film Festival,2
Douarnenez Film Festival,Encounters Short Film and Animation Festival,2
São Paulo International Film Festival,International Film Festival Rotterdam,2
Brussels Short Film Festival,Annecy International Animation Festival,2
Bilbao International Festival of Documentary and Short Films,Raindance Film Festival,2
San Francisco International Film Festival,Animafest Zagreb,2
Telluride Film Festival,Festival du Nouveau Cinéma,2
Queer Lisboa,Beijing International Short Film Festival,2
Helsinki International Film Festival - Love & Anarchy,Inside Out Toronto LGBT Film Festival,2
Uppsala Short Film Festival,Las Palmas Film Festival,2
International Documentary Film Festival Amsterdam,DOK Leipzig,2
Toronto International Film Festival,Rome Independent Film Festival,2
Riga International Film Festival,Sicilia Queer filmfest,2
Gaudí Awards,Stockholm International Film Festival,2
Outfest: Los Angeles Gay & Lesbian Film Festival,Karlovy Vary International Film Festival,2
Warsaw International Film Festival,Locarno International Film Festival,2
Sarajevo Film Festival,Côté Court,2
Calgary International Film Festival,San Francisco International Film Festival,2
Internationale Kurzfilmtage Winterthur,CPH:DOX,2
Ottawa International Animation Festival,Leiden Shorts,2
Thessaloniki Film Festival,Sitges - Catalonian International Film Festival,2
FICUNAM,Uppsala Short Film Festival,2
Tallinn Black Nights Film Festival,Cinéma du Réel,2
Camden International Film Festival,Dokufest International Documentary and Short Film Festival,2
Hollyshorts Film Festival,Athens International Film and Video Festival,2
New York Film Festival,Warsaw International Film Festival,2
Rome Independent Film Festival,Melbourne International Film Festival,2
DOC NYC,Bilbao International Festival of Documentary and Short Films,2
Clermont-Ferrand International Short Film Festival,Singapore International Film Festival,2
Sarajevo Film Festival,Reykjavik International Film Festival,2
Seville European Film Festival,DOK Leipzig,2
Warsaw International Film Festival,IndieLisboa International Independent Film Festival,2
Message to Man International Film Festival,Ottawa International Animation Festival,2
FICUNAM,Curtas Vila do Conde International Film Festival,2
Outfest: Los Angeles Gay & Lesbian Film Festival,Landshut Short Film Festival,2
Singapore International Film Festival,Queer Lisboa,2
Milwaukee International Film Festival,Inside Out Toronto LGBT Film Festival,2
FEST - New Directors / New Films,Montclair Film Festival,2
Valladolid International Film Festival,Philadelphia Film Festival,2
Helsinki International Film Festival - Love & Anarchy,Festival Stop Motion Montreal,2
Encounters Short Film and Animation Festival,NewFest - The New York LGBTQ+ Film Festival,2
Singapore International Film Festival,Karlovy Vary International Film Festival,2
Leiden Shorts,San Sebastián International Film Festival,2
Helsinki International Film Festival - Love & Anarchy,Filmfestival Max Ophüls Preis,2
Santa Barbara International Film Festival,Cairo International Film Festival,2
Diagonale: Festival of Austrian Film,Viennale,2
Cartagena Film Festival,Athens International Film and Video Festival,2
Sundance Film Festival,Solothurn Film Festival,2
QCinema – Quezon City International Film Festival,Curtas Vila do Conde International Film Festival,2
Encounters Short Film and Animation Festival,Braziers International Film Festival,2
Bilbao International Festival of Documentary and Short Films,Philadelphia Film Festival,2
Hollyshorts Film Festival,Annecy International Animation Festival,2
Message to Man International Film Festival,São Paulo International Short Film Festival – Curta Kinoforum,2
Frameline: San Francisco International LGBTQ Film Festival,Rio de Janeiro International Film Festival,2
Africa Movie Academy Awards,Encounters Short Film and Animation Festival,2
Sydney Film Festival,Annecy International Animation Festival,2
Warsaw International Film Festival,Guadalajara International Film Festival,2
Brussels Short Film Festival,Curtas Vila do Conde International Film Festival,2
Hollyshorts Film Festival,Durban International Film Festival,2
Chéries-Chéris,Milwaukee International Film Festival,2
Palm Springs International ShortFest,Neuchâtel International Fantastic Film Festival,2
Porto/Post/Doc,OFF - Odense International Film Festival,2
Encounters Short Film and Animation Festival,Mix Brasil,2
Whistler Film Festival,Internationale Kurzfilmtage Winterthur,2
Clermont-Ferrand International Short Film Festival,Moscow International Film Festival,2
Edinburgh International Film Festival,Los Angeles Asian Pacific Film Festival - VC Film Fest,2
São Paulo International Short Film Festival – Curta Kinoforum,Calgary International Film Festival,2
True/False Film Festival,Curtas Vila do Conde International Film Festival,2
SXSW Film Festival,Athens International Film Festival,2
Ghent Film Festival,Gijón International Film Festival,2
Jerusalem Film Festival,Academy Awards,2
Athens International Film and Video Festival,Queer Lisboa,2
Helsinki International Film Festival - Love & Anarchy,Athens International Film Festival,2
AFI Fest,Athens International Film Festival,2
Cleveland International Film Festival,Curtas Vila do Conde International Film Festival,2
Landshut Short Film Festival,Vienna Shorts,2
Raindance Film Festival,Hong Kong International Film Festival,2
Visions du Réel,Beijing International Short Film Festival,2
Guanajuato International Film Festival,Karlovy Vary International Film Festival,2
Seattle International Film Festival,Brussels Short Film Festival,2
Angers European First Film Festival,Guanajuato International Film Festival,2
Dokufest International Documentary and Short Film Festival,Bogoshorts - Bogota Short Film Festival,2
Ghent Film Festival,Gaudí Awards,2
Guanajuato International Film Festival,San Sebastián International Film Festival,2
Clermont-Ferrand International Short Film Festival,Beijing International Short Film Festival,2
Guanajuato International Film Festival,Mumbai Film Festival,2
Message to Man International Film Festival,Viennale,2
Chicago International Film Festival,Landshut Short Film Festival,2
Leiden Shorts,Athens International Film Festival,2
FEST - New Directors / New Films,Seville European Film Festival,2
Helsinki International Film Festival - Love & Anarchy,Rome Independent Film Festival,2
Sarajevo Film Festival,Uppsala Short Film Festival,2
Karlovy Vary International Film Festival,Festival du Nouveau Cinéma,2
RiverRun International Film Festival,Chicago International Film Festival,2
Karlovy Vary International Film Festival,Thessaloniki Film Festival,2
Palm Springs International ShortFest,Brussels Film Festival,2
Krakow Film Festival,OFF - Odense International Film Festival,2
Montreal International Documentary Festival,Doc Fortnight,2
OFF - Odense International Film Festival,Valladolid International Film Festival,2
International Documentary Film Festival Amsterdam,Leiden Shorts,2
Seville European Film Festival,Valladolid International Film Festival,2
OUTshine LGBTQ+ Film Festival: Miami Edition,BFI Flare: London LGBTIQ+ Film Festival,2
Diagonale: Festival of Austrian Film,Vancouver International Film Festival,2
Frameline: San Francisco International LGBTQ Film Festival,Karlovy Vary International Film Festival,2
DocumentaMadrid,Curtas Vila do Conde International Film Festival,2
Cork International Film Festival,Palm Springs International ShortFest,2
Seville European Film Festival,São Paulo International Film Festival,2
SXSW Film Festival,Slash Film Festival,2
FEST - New Directors / New Films,25FPS Festival,2
Mar del Plata International Film Festival,Las Palmas Film Festival,2
Beijing International Short Film Festival,European Film Awards,2
Out on Film,Iris Prize LGBTQ+ Film Festival,2
Guanajuato International Film Festival,Seattle Queer Film Festival,2
Berlin International Film Festival,Karlovy Vary International Film Festival,2
AFI Fest,Valladolid International Film Festival,2
Guadalajara International Film Festival,Go Short - International Short Film Festival Nijmegen,2
Edinburgh International Film Festival,Valladolid International Film Festival,2
Warsaw International Film Festival,Hong Kong International Film Festival,2
Queer Lisboa,Karlovy Vary International Film Festival,2
25FPS Festival,Valdivia International Film Festival,2
AFI Fest,British Independent Film Awards,2
Experimental Film and Video Festival in Seoul,Annecy International Animation Festival,2
Curtacinema - Rio de Janeiro International Short Film Festival,Rome Independent Film Festival,2
Cannes Film Festival,Miami International Film Festival,2
Raindance Film Festival,Santa Barbara International Film Festival,2
Seattle International Film Festival,Fantasia Film Festival,2
Palm Springs International ShortFest,Bogoshorts - Bogota Short Film Festival,2
Cleveland International Film Festival,Festival du Nouveau Cinéma,2
True/False Film Festival,Cinéma du Réel,2
Queer Lisboa,Mix Brasil,2
Shorts México,Guanajuato International Film Festival,2
Seattle International Film Festival,Warsaw International Film Festival,2
Ottawa International Animation Festival,Landshut Short Film Festival,2
International Documentary Film Festival Amsterdam,Festival du Nouveau Cinéma,2
FEST - New Directors / New Films,César Awards,2
Helsinki International Film Festival - Love & Anarchy,Milan Film Festival,2
It's All True - International Documentary Festival,Curtas Vila do Conde International Film Festival,2
Valladolid International Film Festival,Uppsala Short Film Festival,2
Cannes Film Festival,Cairo International Film Festival,2
San Diego International Film Festival,Guanajuato International Film Festival,2
Warsaw International Film Festival,Kurzfilm Festival Hamburg,2
Chéries-Chéris,Seattle Queer Film Festival,2
Festival du Nouveau Cinéma,Ji.hlava International Documentary Film Festival,2
Dokufest International Documentary and Short Film Festival,Gijón International Film Festival,2
Leiden Shorts,Las Palmas Film Festival,2
Karlovy Vary International Film Festival,Bergen International Film Festival,2
25FPS Festival,Short Waves Festival,2
Cannes Film Festival,Côté Court,2
Message to Man International Film Festival,Melbourne International Film Festival,2
25FPS Festival,International Documentary Film Festival Amsterdam,2
Encounters Short Film and Animation Festival,Cinemania,2
Off-Courts Trouville,Curtas Vila do Conde International Film Festival,2
Cairo International Film Festival,BFI London Film Festival,2
Message to Man International Film Festival,25FPS Festival,2
Whistler Film Festival,Ottawa International Animation Festival,2
Vancouver International Film Festival,International Film Festival Rotterdam,2
São Paulo International Short Film Festival – Curta Kinoforum,Berlin International Film Festival,2
Krakow Film Festival,Tirana International Film Festival,2
Guanajuato International Film Festival,European Film Awards,2
Taipei Film Festival,International Film Festival Rotterdam,2
Lima Alterna International Film Festival,IndieLisboa International Independent Film Festival,2
International Documentary Film Festival Amsterdam,Vilnius International Film Festival (Kino Pavasaris),2
Milwaukee International Film Festival,Bergen International Film Festival,2
Ottawa International Animation Festival,Vienna Shorts,2
Message to Man International Film Festival,Tirana International Film Festival,2
Rome Independent Film Festival,BFI London Film Festival,2
Tallinn Black Nights Film Festival,Florida Film Festival,2
Cartagena Film Festival,Festival du Nouveau Cinéma,2
Off-Courts Trouville,Adelaide Film Festival,2
Durban International Film Festival,Oberhausen International Short Film Festival,2
FEST - New Directors / New Films,Huesca International Film Festival,2
Reykjavik International Film Festival,San Francisco International Film Festival,2
San Francisco International Film Festival,Cleveland International Film Festival,2
São Paulo International Short Film Festival – Curta Kinoforum,Athens International Film Festival,2
True/False Film Festival,Guanajuato International Film Festival,2
Clermont-Ferrand International Short Film Festival,Valdivia International Film Festival,2
Athens International Film and Video Festival,Leeds International Film Festival,2
Athens International Film and Video Festival,Havana Film Festival,2
Cork International Film Festival,Curtas Vila do Conde International Film Festival,2
Helsinki International Film Festival - Love & Anarchy,Viennale,2
Buenos Aires International Festival of Independent Cinema,Berlin International Film Festival,2
Festival du Nouveau Cinéma,Mill Valley Film Festival,2
Sundance Film Festival,Toronto Reel Asian Film Festival,2
Guanajuato International Film Festival,Santa Barbara International Film Festival,2
Durban International Film Festival,Guanajuato International Film Festival,2
Internationale Kurzfilmtage Winterthur,Bogoshorts - Bogota Short Film Festival,2
Riga International Film Festival,BFI London Film Festival,2
25FPS Festival,Festival du Nouveau Cinéma,2
Karlovy Vary International Film Festival,Annecy International Animation Festival,2
Landshut Short Film Festival,Vilnius International Film Festival (Kino Pavasaris),2
FICUNAM,Vancouver International Film Festival,2
Ghent Film Festival,Dublin International Film Festival,2
Festival Stop Motion Montreal,BAFTA Awards,2
Dublin International Film Festival,Reykjavik International Film Festival,2
Dokufest International Documentary and Short Film Festival,Stockholm International Film Festival,2
CPH:DOX,BFI London Film Festival,2
It's All True - International Documentary Festival,Internationale Kurzfilmtage Winterthur,2
Raindance Film Festival,Calgary International Film Festival,2
BFI London Film Festival,Las Palmas Film Festival,2
Curtacinema - Rio de Janeiro International Short Film Festival,Viennale,2
Göteborg Film Festival,Sitges - Catalonian International Film Festival,2
Reykjavik International Film Festival,Athens International Film Festival,2
Visions du Réel,Bilbao International Festival of Documentary and Short Films,2
Brooklyn Film Festival,Slamdance Film Festival,2
Seattle International Film Festival,Stockholm International Film Festival,2
Ghent Film Festival,Miami International Film Festival,2
Golden Horse Film Festival,Sitges - Catalonian International Film Festival,2
Adelaide Film Festival,Tromsø International Film Festival,2
Dokufest International Documentary and Short Film Festival,BAFTA Awards,2
Buenos Aires International Festival of Independent Cinema,Annecy International Animation Festival,2
Fargo Film Festival,Go Short - International Short Film Festival Nijmegen,2
Miami International Film Festival,San Sebastián International Film Festival,2
AFI Fest,Sarasota Film Festival,2
Guanajuato International Film Festival,Leiden Shorts,2
Ghent Film Festival,Kurzfilm Festival Hamburg,2
Montclair Film Festival,Kurzfilm Festival Hamburg,2
Buenos Aires International Festival of Independent Cinema,Bilbao International Festival of Documentary and Short Films,2
Curtacinema - Rio de Janeiro International Short Film Festival,Jerusalem Film Festival,2
Cartagena Film Festival,Annecy International Animation Festival,2
Ann Arbor Film Festival,Maryland Film Festival,2
Sarajevo Film Festival,Vienna Shorts,2
Sydney Film Festival,Karlovy Vary International Film Festival,2
Lima Alterna International Film Festival,Tallinn Black Nights Film Festival,2
Encounters Short Film and Animation Festival,Aspen Shortsfest,2
Valladolid International Film Festival,Moscow International Film Festival,2
Visions du Réel,IndieLisboa International Independent Film Festival,2
London Critics Circle Film Awards,Festival du Nouveau Cinéma,2
Vilnius International Film Festival (Kino Pavasaris),Las Palmas Film Festival,2
Encounters Short Film and Animation Festival,ShorTS International Film Festival,2
San Francisco International Film Festival,Curtas Vila do Conde International Film Festival,2
Cannes Film Festival,Oberhausen International Short Film Festival,2
Bilbao International Festival of Documentary and Short Films,Durban International Film Festival,2
Cannes Film Festival,Festival international du film indépendant de Bordeaux,2
Fargo Film Festival,Milwaukee International Film Festival,2
Off-Courts Trouville,Brussels Short Film Festival,2
Ottawa International Animation Festival,Brussels Short Film Festival,2
Palm Springs International ShortFest,Rendez-vous Québec Cinéma,2
Tribeca Film Festival,Athens International Film and Video Festival,2
Curtacinema - Rio de Janeiro International Short Film Festival,Rio de Janeiro International Film Festival,2
Queer Lisboa,Rome Independent Film Festival,2
Durban International Film Festival,Tirana International Film Festival,2
Athens International Film and Video Festival,Brussels Short Film Festival,2
Havana Film Festival,Rio de Janeiro International Film Festival,2
São Paulo International Short Film Festival – Curta Kinoforum,Queer Lisboa,2
Ghent Film Festival,Valdivia International Film Festival,2
Florida Film Festival,Tirana International Film Festival,2
Riga International Film Festival,Mill Valley Film Festival,2
Pink Screens,LesGaiCineMad,2
Seattle International Film Festival,Curtacinema - Rio de Janeiro International Short Film Festival,2
BFI London Film Festival,Mill Valley Film Festival,2
Milan Film Festival,Stockholm International Film Festival,2
Jerusalem Film Festival,Toronto International Film Festival,2
Miami International Film Festival,San Francisco International Film Festival,2
OFF - Odense International Film Festival,Chicago International Film Festival,2
Calgary International Film Festival,Fantasia Film Festival,2
Calgary International Film Festival,Curtas Vila do Conde International Film Festival,2
Beijing International Short Film Festival,Leiden Shorts,2
Chicago International Film Festival,Gaudí Awards,2
Lima Alterna International Film Festival,Dublin International Film Festival,2
Diagonale: Festival of Austrian Film,Melbourne International Film Festival,2
Tampere Film Festival,Kurzfilm Festival Hamburg,2
Durban International Film Festival,European Film Awards,2
Reykjavik International Film Festival,Viennale,2
Hollyshorts Film Festival,RiverRun International Film Festival,2
Lima Alterna International Film Festival,Palm Springs International ShortFest,2
Seattle International Film Festival,Diagonale: Festival of Austrian Film,2
Go Short - International Short Film Festival Nijmegen,IndieLisboa International Independent Film Festival,2
Festival des Cinémas Différents et Expérimentaux de Paris,Encounters Short Film and Animation Festival,2
Galway Film Fleadh,Hot Docs Canadian International Documentary Festival,2
San Diego International Film Festival,Cleveland International Film Festival,2
FICUNAM,Las Palmas Film Festival,2
Toronto International Film Festival,Moscow International Film Festival,2
São Paulo International Short Film Festival – Curta Kinoforum,Oberhausen International Short Film Festival,2
Melbourne International Film Festival,Bergen International Film Festival,2
Bilbao International Festival of Documentary and Short Films,Go Short - International Short Film Festival Nijmegen,2
Curtacinema - Rio de Janeiro International Short Film Festival,Miami International Film Festival,2
Ann Arbor Film Festival,Leiden Shorts,2
Ghent Film Festival,Cinéma du Réel,2
FEST - New Directors / New Films,San Sebastián International Film Festival,2
Athens International Film and Video Festival,Pink Screens,2
IndieLisboa International Independent Film Festival,Landshut Short Film Festival,2
Montreal International Documentary Festival,Camden International Film Festival,2
Encounters Short Film and Animation Festival,Festival Ecrã of Audiovisual Experimentations,2
OFF - Odense International Film Festival,European Film Awards,2
Solothurn Film Festival,SXSW Film Festival,2
Seattle International Film Festival,Porto/Post/Doc,2
Palm Springs International ShortFest,Venice Film Festival,2
Mar del Plata International Film Festival,Mill Valley Film Festival,2
Hong Kong International Film Festival,Leiden Shorts,2
Beijing International Short Film Festival,Viennale,2
Palm Springs International ShortFest,César Awards,2
Sheffield International Documentary Festival,BFI London Film Festival,2
Locarno International Film Festival,Queer Lisboa,2
Maryland Film Festival,DOK Leipzig,2
Helsinki International Film Festival - Love & Anarchy,BAFTA Awards,2
Ottawa International Animation Festival,Leeds International Film Festival,2
Kurzfilm Festival Hamburg,Toronto Reel Asian Film Festival,2
Chéries-Chéris,Clermont-Ferrand International Short Film Festival,2
MIX Copenhagen LGBTQ+ Film Festival,Cannes Film Festival,2
Whistler Film Festival,Valladolid International Film Festival,2
BFI London Film Festival,Gaudí Awards,2
Ghent Film Festival,QCinema – Quezon City International Film Festival,2
Tallinn Black Nights Film Festival,Adelaide Film Festival,2
Zurich Film Festival,Tallinn Black Nights Film Festival,2
Mardi Gras Film Festival,Pink Screens,2
Encounters Short Film and Animation Festival,!f Istanbul International Independent Film Festival,2
Nordic International Film Festival,Norwegian International Film Festival,2
Oslo/Fusion International Film Festival,Encounters Short Film and Animation Festival,2
Valladolid International Film Festival,Sarajevo Film Festival,2
Warsaw International Film Festival,Internationale Kurzfilmtage Winterthur,2
Krakow Film Festival,DOC NYC,2
Vienna Shorts,Trieste Film Festival,2
Dublin International Film Festival,Vienna Shorts,2
Slamdance Film Festival,Sarajevo Film Festival,2
Clermont-Ferrand International Short Film Festival,Durban International Film Festival,2
Bilbao International Festival of Documentary and Short Films,Oberhausen International Short Film Festival,2
Open City Documentary Festival,Las Palmas Film Festival,2
Chéries-Chéris,Rome Independent Film Festival,2
Athens International Film and Video Festival,BAFTA Awards,2
DocumentaMadrid,Montreal International Documentary Festival,2
Rome Independent Film Festival,San Sebastián International Film Festival,2
Adelaide Film Festival,DOK Leipzig,2
Viennale,Festival du Nouveau Cinéma,2
Experimental Film and Video Festival in Seoul,Curtas Vila do Conde International Film Festival,2
Ghent Film Festival,Moscow International Film Festival,2
Göteborg Film Festival,Helsinki International Film Festival - Love & Anarchy,2
Chicago International Film Festival,Hawaii International Film Festival,2
Angers European First Film Festival,Annecy International Animation Festival,2
Clermont-Ferrand International Short Film Festival,Diagonale: Festival of Austrian Film,2
Sophia Awards,European Film Awards,2
Bilbao International Festival of Documentary and Short Films,Landshut Short Film Festival,2
Message to Man International Film Festival,Bilbao International Festival of Documentary and Short Films,2
Camden International Film Festival,25FPS Festival,2
Krakow Film Festival,Camerimage,2
FEST - New Directors / New Films,Toronto International Film Festival,2
Helsinki International Film Festival - Love & Anarchy,Santa Barbara International Film Festival,2
Edinburgh International Film Festival,British Independent Film Awards,2
Message to Man International Film Festival,Helsinki International Film Festival - Love & Anarchy,2
Cyprus International Film Festival,Vancouver International Film Festival,2
Animafest Zagreb,Tirana International Film Festival,2
Cinéma du Réel,International Film Festival Rotterdam,2
Montreal International Documentary Festival,FICUNAM,2
Karlovy Vary International Film Festival,Stockholm International Film Festival,2
Internationale Kurzfilmtage Winterthur,Seattle Queer Film Festival,2
Moscow International Film Festival,European Film Awards,2
Valladolid International Film Festival,Cinefest Sudbury International Film Festival,2
Sarajevo Film Festival,Brussels Short Film Festival,2
São Paulo International Film Festival,BAFTA Awards,2
Go Short - International Short Film Festival Nijmegen,Viennale,2
Clermont-Ferrand International Short Film Festival,Festival international du film indépendant de Bordeaux,2
Curtacinema - Rio de Janeiro International Short Film Festival,San Sebastián International Film Festival,2
Ghent Film Festival,Thessaloniki Film Festival,2
Curtacinema - Rio de Janeiro International Short Film Festival,Dokufest International Documentary and Short Film Festival,2
Kaboom Animation Festival,Encounters Short Film and Animation Festival,2
Mar del Plata International Film Festival,Stockholm International Film Festival,2
Leiden Shorts,Stockholm International Film Festival,2
True/False Film Festival,Camden International Film Festival,2
25FPS Festival,Guanajuato International Film Festival,2
Iris Prize LGBTQ+ Film Festival,Mardi Gras Film Festival,2
Cannes Film Festival,Landshut Short Film Festival,2
Visions du Réel,Kurzfilm Festival Hamburg,2
Iris Prize LGBTQ+ Film Festival,NewFest - The New York LGBTQ+ Film Festival,2
Encounters Short Film and Animation Festival,Rendez-vous Québec Cinéma,2
Message to Man International Film Festival,Diagonale: Festival of Austrian Film,2
Festival du Nouveau Cinéma,Filmfest Bremen,2
Chicago International Film Festival,São Paulo International Film Festival,2
Edinburgh International Film Festival,Milwaukee International Film Festival,2
Dublin International Film Festival,IndieLisboa International Independent Film Festival,2
Camerimage,International Documentary Film Festival Amsterdam,2
Uppsala Short Film Festival,Tromsø International Film Festival,2
Message to Man International Film Festival,Visions du Réel,2
Seattle International Film Festival,Mill Valley Film Festival,2
Galway Film Fleadh,BAFTA Awards,2
Ottawa International Animation Festival,Tirana International Film Festival,2
Maryland Film Festival,Frameline: San Francisco International LGBTQ Film Festival,2
Diagonale: Festival of Austrian Film,Annecy International Animation Festival,2
Hamburg Film Festival,Mill Valley Film Festival,2
Florida Film Festival,Annecy International Animation Festival,2
Filmfest Bremen,Curtas Vila do Conde International Film Festival,2
Berlin International Film Festival,Curtas Vila do Conde International Film Festival,2
Locarno International Film Festival,Vilnius International Film Festival (Kino Pavasaris),2
Porto/Post/Doc,Leiden Shorts,2
New York Film Festival,Sitges - Catalonian International Film Festival,2
New Zealand International Film Festival,Melbourne International Film Festival,2
Philadelphia Film Festival,Dokufest International Documentary and Short Film Festival,2
Ann Arbor Film Festival,San Francisco International Film Festival,2
Beijing International Short Film Festival,Thessaloniki Film Festival,2
Mumbai Film Festival,Melbourne International Film Festival,2
DOK Leipzig,Landshut Short Film Festival,2
Clermont-Ferrand International Short Film Festival,Experimental Film and Video Festival in Seoul,2
AFI Fest,Miami International Film Festival,2
Encounters Short Film and Animation Festival,Tiradentes Film Festival,2
Venice Film Festival,São Paulo International Film Festival,2
Locarno International Film Festival,San Sebastián International Film Festival,2
Calgary International Film Festival,DOK Leipzig,2
Encounters Short Film and Animation Festival,Ji.hlava International Documentary Film Festival,2
Zurich Film Festival,Palm Springs International ShortFest,2
Palm Springs International ShortFest,New Horizons International Film Festival,2
Internationale Kurzfilmtage Winterthur,Raindance Film Festival,2
Doclisboa International Film Festival,Beijing International Short Film Festival,2
DOK Leipzig,Tirana International Film Festival,2
Berwick Film & Media Arts Festival,Guanajuato International Film Festival,2
Message to Man International Film Festival,Vilnius International Film Festival (Kino Pavasaris),2
Slamdance Film Festival,Melbourne International Film Festival,2
Raindance Film Festival,Reykjavik International Film Festival,2
Outfest: Los Angeles Gay & Lesbian Film Festival,Dokufest International Documentary and Short Film Festival,2
Bilbao International Festival of Documentary and Short Films,International Documentary Film Festival Amsterdam,2
SXSW Film Festival,Edinburgh International Film Festival,2
Solothurn Film Festival,Warsaw International Film Festival,2
Maryland Film Festival,Tallinn Black Nights Film Festival,2
Encounters Short Film and Animation Festival,FIDMarseille,2
Frameline: San Francisco International LGBTQ Film Festival,Annecy International Animation Festival,2
Message to Man International Film Festival,OFF - Odense International Film Festival,2
Philadelphia Film Festival,Reykjavik International Film Festival,2
San Diego Underground Film Festival,International Film Festival Rotterdam,2
Kurzfilm Festival Hamburg,Seattle Queer Film Festival,2
Locarno International Film Festival,Ottawa International Animation Festival,2
Canadian Screen Awards,Calgary International Film Festival,2
Valladolid International Film Festival,Reykjavik International Film Festival,2
Cleveland International Film Festival,BFI London Film Festival,2
Philadelphia Film Festival,Bergen International Film Festival,2
Seville European Film Festival,Frameline: San Francisco International LGBTQ Film Festival,2
AFI Fest,San Sebastián International Film Festival,2
Internationale Kurzfilmtage Winterthur,Philadelphia Film Festival,2
Locarno International Film Festival,Dublin International Film Festival,2
Toronto International Film Festival,Beijing International Short Film Festival,2
IndieLisboa International Independent Film Festival,Mill Valley Film Festival,2
Outfest: Los Angeles Gay & Lesbian Film Festival,Guanajuato International Film Festival,2
Queer Lisboa,Seattle Queer Film Festival,2
Cleveland International Film Festival,Fantasia Film Festival,2
Seville European Film Festival,Internationale Kurzfilmtage Winterthur,2
Mar del Plata International Film Festival,Annecy International Animation Festival,2
True/False Film Festival,Ann Arbor Film Festival,2
Golden Horse Film Festival,Viennale,2
Karlovy Vary International Film Festival,Sitges - Catalonian International Film Festival,2
ARKIPEL International Documentary and Experimental Film Festival,Valladolid International Film Festival,2
Whistler Film Festival,Chicago International Film Festival,2
Athens International Film and Video Festival,Miami International Film Festival,2
Go Short - International Short Film Festival Nijmegen,BFI London Film Festival,2
Locarno International Film Festival,Seattle Queer Film Festival,2
Message to Man International Film Festival,Cannes Film Festival,2
Camden International Film Festival,Curtas Vila do Conde International Film Festival,2
Cannes Film Festival,International Documentary Film Festival Amsterdam,2
Palm Springs International ShortFest,Festival international du film indépendant de Bordeaux,2
Chéries-Chéris,Vancouver International Film Festival,2
Ghent Film Festival,Calgary International Film Festival,2
FEST - New Directors / New Films,Chicago International Film Festival,2
Palm Springs International ShortFest,San Diego Underground Film Festival,2
Queer Lisboa,Pink Screens,2
Valdivia International Film Festival,Munich Film Festival,2
Sicilia Queer filmfest,Curtas Vila do Conde International Film Festival,2
European Film Awards,Gaudí Awards,2
Internationale Kurzfilmtage Winterthur,César Awards,2
SXSW Film Festival,New Horizons International Film Festival,2
Guadalajara International Film Festival,Leeds International Film Festival,2
Clermont-Ferrand International Short Film Festival,Nordisk Panorama,2
Irish Film and Television Awards,Chicago International Film Festival,2
Curtacinema - Rio de Janeiro International Short Film Festival,Singapore International Film Festival,2
Frameline: San Francisco International LGBTQ Film Festival,Curtas Vila do Conde International Film Festival,2
Warsaw International Film Festival,Leiden Shorts,2
Cannes Film Festival,Hof International Film Festival,2
Toronto International Film Festival,Uppsala Short Film Festival,2
Zurich Film Festival,BFI London Film Festival,2
Ann Arbor Film Festival,Sarasota Film Festival,2
Cartagena Film Festival,Milan Film Festival,2
Athens International Film and Video Festival,Sophia Awards,2
Viennale,Stockholm International Film Festival,2
AFI Fest,Festival international du film indépendant de Bordeaux,2
Internationale Kurzfilmtage Winterthur,Diagonale: Festival of Austrian Film,2
Lima Alterna International Film Festival,Reykjavik International Film Festival,2
São Paulo International Short Film Festival – Curta Kinoforum,Milwaukee International Film Festival,2
Krakow Film Festival,It's All True - International Documentary Festival,2
Hollyshorts Film Festival,Atlanta Film Festival,2
Tallinn Black Nights Film Festival,Thessaloniki Documentary Festival,2
Jerusalem Film Festival,Internationale Kurzfilmtage Winterthur,2
Rome Independent Film Festival,Annecy International Animation Festival,2
Tampere Film Festival,Helsinki International Film Festival - Love & Anarchy,2
RiverRun International Film Festival,Melbourne International Film Festival,2
Hong Kong International Film Festival,San Sebastián International Film Festival,2
Athens International Film and Video Festival,Oberhausen International Short Film Festival,2
Hong Kong International Film Festival,Côté Court,2
Calgary International Film Festival,Vilnius International Film Festival (Kino Pavasaris),2
Istanbul Film Festival,Athens International Film and Video Festival,2
Africa Movie Academy Awards,Clermont-Ferrand International Short Film Festival,2
Chicago International Film Festival,Philadelphia Film Festival,2
Locarno International Film Festival,25FPS Festival,2
Irish Film and Television Awards,Tallinn Black Nights Film Festival,2
Ottawa International Animation Festival,Dokufest International Documentary and Short Film Festival,2
FEST - New Directors / New Films,Outfest: Los Angeles Gay & Lesbian Film Festival,2
Palm Springs International ShortFest,London Critics Circle Film Awards,2
Montclair Film Festival,Internationale Kurzfilmtage Winterthur,2
Adelaide Film Festival,Annecy International Animation Festival,2
Riga International Film Festival,Miami International Film Festival,2
Guanajuato International Film Festival,Las Palmas Film Festival,2
São Paulo International Short Film Festival – Curta Kinoforum,DOK Leipzig,2
Academy Awards,Guanajuato International Film Festival,2
DMZ International Documentary Film Festival,Vancouver International Film Festival,2
New York Film Festival,European Film Awards,2
Tallinn Black Nights Film Festival,Filmfestival Max Ophüls Preis,2
Uppsala Short Film Festival,Landshut Short Film Festival,2
Warsaw International Film Festival,SXSW Film Festival,2
Palm Springs International ShortFest,Fribourg International Film Festival,2
Clermont-Ferrand International Short Film Festival,Montclair Film Festival,2
Krakow Film Festival,Sarajevo Film Festival,2
Toronto Reel Asian Film Festival,Annecy International Animation Festival,2
Academy Awards,Raindance Film Festival,2
La Plata International Independent Film Festival - FestiFreak,Festival du Nouveau Cinéma,2
Hot Docs Canadian International Documentary Festival,Curtas Vila do Conde International Film Festival,2
Ghent Film Festival,Cairo International Film Festival,2
Melbourne International Film Festival,Lebu International Film Festival,2
Curtacinema - Rio de Janeiro International Short Film Festival,Leiden Shorts,2
Guadalajara International Film Festival,Kurzfilm Festival Hamburg,2
Internationale Kurzfilmtage Winterthur,Festival international du film indépendant de Bordeaux,2
FEST - New Directors / New Films,Shorts México,2
Berlin International Film Festival,San Francisco International Film Festival,2
Encounters Short Film and Animation Festival,Boston Independent Film Festival,2
New York Film Festival,Valdivia International Film Festival,2
DocumentaMadrid,True/False Film Festival,2
FEST - New Directors / New Films,Filmfestival Max Ophüls Preis,2
Guadalajara International Film Festival,European Film Awards,2
Reykjavik International Film Festival,Fantasia Film Festival,2
Rome Independent Film Festival,Sarasota Film Festival,2
Dokufest International Documentary and Short Film Festival,César Awards,2
Edinburgh International Film Festival,BFI London Film Festival,2
Zurich Film Festival,San Sebastián International Film Festival,2
Seattle International Film Festival,Toronto Reel Asian Film Festival,2
BFI London Film Festival,QCinema – Quezon City International Film Festival,2
Zurich Film Festival,Reykjavik International Film Festival,2
International Documentary Film Festival Amsterdam,Beijing International Short Film Festival,2
OFF - Odense International Film Festival,Landshut Short Film Festival,2
Angers European First Film Festival,Uppsala Short Film Festival,2
Montreal International Documentary Festival,Viennale,2
Sitges - Catalonian International Film Festival,International Film Festival Rotterdam,2
Locarno International Film Festival,Short Waves Festival,2
AFI Fest,César Awards,2
Brooklyn Film Festival,Internationale Kurzfilmtage Winterthur,2
Reykjavik International Film Festival,Cinéma du Réel,2
Edinburgh International Film Festival,Toronto International Film Festival,2
São Paulo International Film Festival,Stockholm International Film Festival,2
25FPS Festival,Bilbao International Festival of Documentary and Short Films,2
Curtacinema - Rio de Janeiro International Short Film Festival,Montreal International Documentary Festival,2
Locarno International Film Festival,Singapore International Film Festival,2
Mar del Plata International Film Festival,Curtas Vila do Conde International Film Festival,2
Krakow Film Festival,Toronto International Film Festival,2
Bilbao International Festival of Documentary and Short Films,Slamdance Film Festival,2
Chicago International Film Festival,International Film Festival Rotterdam,2
Oslo/Fusion International Film Festival,Singapore International Film Festival,2
Palm Springs International ShortFest,Tirana International Film Festival,2
Message to Man International Film Festival,Oberhausen International Short Film Festival,2
Encounters Short Film and Animation Festival,Austrian Film Award,2
AFI Fest,Venice Film Festival,2
Santa Barbara International Film Festival,Stockholm International Film Festival,2
Viennale,Vilnius International Film Festival (Kino Pavasaris),2
Côté Court,Dokufest International Documentary and Short Film Festival,2
Landshut Short Film Festival,Trieste Film Festival,2
Landshut Short Film Festival,Curtas Vila do Conde International Film Festival,2
Fargo Film Festival,Vancouver International Film Festival,2
Sundance Film Festival,Raindance Film Festival,2
Bogoshorts - Bogota Short Film Festival,Festival du Nouveau Cinéma,2
Dublin International Film Festival,Outfest: Los Angeles Gay & Lesbian Film Festival,2
Telluride Film Festival,San Francisco International Film Festival,2
Helsinki International Film Festival - Love & Anarchy,Mumbai Film Festival,2
Rome Independent Film Festival,Vancouver International Film Festival,2
Cannes Film Festival,Brussels Film Festival,2
Norwegian International Film Festival,Sitges - Catalonian International Film Festival,2
Outfest: Los Angeles Gay & Lesbian Film Festival,Athens International Film and Video Festival,2
Transilvania International Film Festival,Thessaloniki Film Festival,2
Camden International Film Festival,BFI London Film Festival,2
Athens International Film Festival,Milan Film Festival,2
Internationale Kurzfilmtage Winterthur,Valdivia International Film Festival,2
Philadelphia Film Festival,Shorts México,2
Whistler Film Festival,FEST - New Directors / New Films,2
Tallinn Black Nights Film Festival,Mardi Gras Film Festival,2
FICUNAM,Viennale,2
Festival de Cine Iberoamericano de Huelva,Toronto International Film Festival,2
DocumentaMadrid,BFI London Film Festival,2
Chicago International Film Festival,BAFTA Awards,2
Porto/Post/Doc,BAFTA Awards,2
SXSW Film Festival,Dublin International Film Festival,2
Seattle International Film Festival,Mardi Gras Film Festival,2
Mar del Plata International Film Festival,Melbourne International Film Festival,2
Raindance Film Festival,Curtas Vila do Conde International Film Festival,2
Tallinn Black Nights Film Festival,Santa Barbara International Film Festival,2
Clermont-Ferrand International Short Film Festival,Sicilia Queer filmfest,2
Gijón International Film Festival,Festival du Nouveau Cinéma,2
New Zealand International Film Festival,Guadalajara International Film Festival,2
Clermont-Ferrand International Short Film Festival,DOC NYC,2
Solothurn Film Festival,Kurzfilm Festival Hamburg,2
Internationale Kurzfilmtage Winterthur,Karlovy Vary International Film Festival,2
Locarno International Film Festival,Stockholm International Film Festival,2
Seattle International Film Festival,Queer Lisboa,2
Bangkok International Film Festival,International Film Festival Rotterdam,2
Clermont-Ferrand International Short Film Festival,Frameline: San Francisco International LGBTQ Film Festival,2
São Paulo International Short Film Festival – Curta Kinoforum,Cannes Film Festival,2
Uppsala Short Film Festival,Oberhausen International Short Film Festival,2
Whistler Film Festival,Dublin International Film Festival,2
Festival de Cine Iberoamericano de Huelva,Hong Kong International Film Festival,2
Experimental Film and Video Festival in Seoul,Melbourne International Film Festival,2
Uppsala Short Film Festival,Shorts México,2
SXSW Film Festival,OFF - Odense International Film Festival,2
DOK Leipzig,Tromsø International Film Festival,2
Zurich Film Festival,Vancouver International Film Festival,2
Ghent Film Festival,SXSW Film Festival,2
Solothurn Film Festival,International Film Festival Rotterdam,2
Reykjavik International Film Festival,Miami International Film Festival,2
Seattle International Film Festival,Inside Out Toronto LGBT Film Festival,2
Clermont-Ferrand International Short Film Festival,RiverRun International Film Festival,2
Nordisk Panorama,Sitges - Catalonian International Film Festival,2
IndieLisboa International Independent Film Festival,Las Palmas Film Festival,2
Solothurn Film Festival,Uppsala Short Film Festival,2
Ann Arbor Film Festival,Mar del Plata International Film Festival,2
Helsinki International Film Festival - Love & Anarchy,Cleveland International Film Festival,2
Cannes Film Festival,Tirana International Film Festival,2
FICUNAM,Tallinn Black Nights Film Festival,2
Curtacinema - Rio de Janeiro International Short Film Festival,Helsinki International Film Festival - Love & Anarchy,2
Tallinn Black Nights Film Festival,Nordisk Panorama,2
Academy Awards,Guadalajara International Film Festival,2
Tribeca Film Festival,BFI London Film Festival,2
Locarno International Film Festival,Cinéma du Réel,2
Landshut Short Film Festival,Festival du Nouveau Cinéma,2
Sundance Film Festival,Reykjavik International Film Festival,2
Palm Springs International ShortFest,Huesca International Film Festival,2
Off-Courts Trouville,Tallinn Black Nights Film Festival,2
Annecy International Animation Festival,BAFTA Awards,2
Miami International Film Festival,Sarasota Film Festival,2
Camden International Film Festival,IndieLisboa International Independent Film Festival,2
Seville European Film Festival,Sitges - Catalonian International Film Festival,2
Internationale Kurzfilmtage Winterthur,Angers European First Film Festival,2
Clermont-Ferrand International Short Film Festival,Venice Film Festival,2
FIRST International Film Festival Xining,Stockholm International Film Festival,2
Camden International Film Festival,Athens International Film and Video Festival,2
DMZ International Documentary Film Festival,Cinéma du Réel,2
Seville European Film Festival,Guadalajara International Film Festival,2
Academy Awards,European Film Awards,2
Lima Alterna International Film Festival,Guanajuato International Film Festival,2
Ottawa International Animation Festival,Milan Film Festival,2
Vienna Shorts,International Film Festival Rotterdam,2
Message to Man International Film Festival,IndieLisboa International Independent Film Festival,2
Curtacinema - Rio de Janeiro International Short Film Festival,Tirana International Film Festival,2
Tallinn Black Nights Film Festival,New Horizons International Film Festival,2
Maryland Film Festival,Milwaukee International Film Festival,2
RiverRun International Film Festival,Palm Springs International ShortFest,2
FICUNAM,BFI London Film Festival,2
Festival de Cine Iberoamericano de Huelva,Encounters Short Film and Animation Festival,2
Hollyshorts Film Festival,Dokufest International Documentary and Short Film Festival,2
Animafest Zagreb,Leeds International Film Festival,2
FEST - New Directors / New Films,New Horizons International Film Festival,2
AFI Fest,Brussels Short Film Festival,2
Champs-Élysées Film Festival,IndieLisboa International Independent Film Festival,2
Go Short - International Short Film Festival Nijmegen,Uppsala Short Film Festival,2
Chicago Underground Film Festival,Athens International Film and Video Festival,2
Toronto International Film Festival,Athens International Film Festival,2
Guanajuato International Film Festival,BFI Flare: London LGBTIQ+ Film Festival,2
Rome Independent Film Festival,Stockholm International Film Festival,2
Seattle International Film Festival,MIX Copenhagen LGBTQ+ Film Festival,2
Ghent Film Festival,Oberhausen International Short Film Festival,2
Vancouver International Film Festival,Mill Valley Film Festival,2
Solothurn Film Festival,Reykjavik International Film Festival,2
Fargo Film Festival,Cleveland International Film Festival,2
International Documentary Film Festival Amsterdam,San Francisco International Film Festival,2
Miami International Film Festival,Havana Film Festival,2
Tampere Film Festival,Toronto International Film Festival,2
São Paulo International Short Film Festival – Curta Kinoforum,Vancouver International Film Festival,2
Message to Man International Film Festival,Buenos Aires International Festival of Independent Cinema,2
Magritte Awards,Encounters Short Film and Animation Festival,2
Berlin International Film Festival,Pink Screens,2
Montreal International Documentary Festival,Lima Alterna International Film Festival,2
Off-Courts Trouville,Go Short - International Short Film Festival Nijmegen,2
Tirana International Film Festival,Trieste Film Festival,2
Valladolid International Film Festival,Raindance Film Festival,2
Kurzfilm Festival Hamburg,CPH:DOX,2
New Zealand International Film Festival,Sydney Film Festival,2
Reykjavik International Film Festival,International Film Festival Rotterdam,2
Hong Kong International Film Festival,European Film Awards,2
Seattle International Film Festival,Go Short - International Short Film Festival Nijmegen,2
Encounters Short Film and Animation Festival,Bucharest Short Film Festival,2
Ann Arbor Film Festival,Cinéma du Réel,2
Whistler Film Festival,Palm Springs International ShortFest,2
Guadalajara International Film Festival,Dokufest International Documentary and Short Film Festival,2
Message to Man International Film Festival,Filmfestival Max Ophüls Preis,2
Cannes Film Festival,Seville European Film Festival,2
Bangkok International Film Festival,Encounters Short Film and Animation Festival,2
Internationale Kurzfilmtage Winterthur,BFI Flare: London LGBTIQ+ Film Festival,2
Vancouver International Film Festival,Stockholm International Film Festival,2
European Film Awards,BAFTA Awards,2
Maryland Film Festival,Vancouver International Film Festival,2
Calgary International Film Festival,Stockholm International Film Festival,2
Diagonale: Festival of Austrian Film,Kurzfilm Festival Hamburg,2
Buenos Aires International Festival of Independent Cinema,Kurzfilm Festival Hamburg,2
Dublin International Film Festival,Shorts México,2
Off-Courts Trouville,Melbourne International Film Festival,2
Telluride Film Festival,Athens International Film and Video Festival,2
Sundance Film Festival,Seville European Film Festival,2
Solothurn Film Festival,Ann Arbor Film Festival,2
Out on Film,NewFest - The New York LGBTQ+ Film Festival,2
Ghent Film Festival,New Directors New Films,2
Brussels Film Festival,Athens International Film and Video Festival,2
DocumentaMadrid,Leiden Shorts,2
Thessaloniki Film Festival,Festival du Nouveau Cinéma,2
São Paulo International Short Film Festival – Curta Kinoforum,Lima Alterna International Film Festival,2
Solothurn Film Festival,Vienna Shorts,2
Message to Man International Film Festival,La Plata International Independent Film Festival - FestiFreak,2
Porto/Post/Doc,Vienna Shorts,2
Uppsala Short Film Festival,Milan Film Festival,2
Whistler Film Festival,Philadelphia Film Festival,2
Encounters Short Film and Animation Festival,Rhode Island International Film Festival,2
Helsinki International Film Festival - Love & Anarchy,Transilvania International Film Festival,2
Viennale,Filmfestival Max Ophüls Preis,2
Message to Man International Film Festival,Bogoshorts - Bogota Short Film Festival,2
Oslo/Fusion International Film Festival,Pink Screens,2
Angers European First Film Festival,Animafest Zagreb,2
Solothurn Film Festival,Milwaukee International Film Festival,2
Chéries-Chéris,Palm Springs International ShortFest,2
Kurzfilm Festival Hamburg,Animafest Zagreb,2
Ghent Film Festival,Vienna Shorts,2
Chicago International Film Festival,Kurzfilm Festival Hamburg,2
Chicago International Film Festival,British Independent Film Awards,2
Helsinki International Film Festival - Love & Anarchy,Cairo International Film Festival,2
OFF - Odense International Film Festival,Festival du Nouveau Cinéma,2
Ghent Film Festival,Queer Lisboa,2
Cannes Film Festival,Shanghai International Film Festival,2
Short Shorts Film Festival & Asia,Internationale Kurzfilmtage Winterthur,2
Chicago International Film Festival,London Critics Circle Film Awards,2
Diagonale: Festival of Austrian Film,Austrian Film Award,2
Montclair Film Festival,Outfest: Los Angeles Gay & Lesbian Film Festival,2
Chéries-Chéris,Landshut Short Film Festival,2
Dublin International Film Festival,San Sebastián International Film Festival,2
RiverRun International Film Festival,Vancouver International Film Festival,2
Rendez-vous Québec Cinéma,Vancouver International Film Festival,2
Milwaukee International Film Festival,European Film Awards,2
Krakow Film Festival,Durban International Film Festival,2
Festival de Cine Iberoamericano de Huelva,Tallinn Black Nights Film Festival,2
Chicago International Film Festival,Leiden Shorts,2
Academy Awards,Vancouver International Film Festival,2
DOK Leipzig,Leeds International Film Festival,2
Hong Kong International Film Festival,Vilnius International Film Festival (Kino Pavasaris),2
Telluride Film Festival,Philadelphia Film Festival,2
Visions du Réel,Viennale,2
International Documentary Film Festival Amsterdam,Cinéma du Réel,2
Cannes Film Festival,Tribeca Film Festival,2
Sitges - Catalonian International Film Festival,Mumbai Film Festival,2
Golden Horse Film Festival,BFI London Film Festival,2
New Zealand International Film Festival,IndieLisboa International Independent Film Festival,2
Buenos Aires International Festival of Independent Cinema,Athens International Film and Video Festival,2
Tampere Film Festival,Valladolid International Film Festival,2
Athens International Film and Video Festival,Bogoshorts - Bogota Short Film Festival,2
Jerusalem Film Festival,Festival international du film indépendant de Bordeaux,2
Diagonale: Festival of Austrian Film,Vilnius International Film Festival (Kino Pavasaris),2
Toronto International Film Festival,Outfest: Los Angeles Gay & Lesbian Film Festival,2
Valdivia International Film Festival,Annecy International Animation Festival,2
Reykjavik International Film Festival,Milan Film Festival,2
Milwaukee International Film Festival,Miami International Film Festival,2
Guadalajara International Film Festival,Landshut Short Film Festival,2
Mardi Gras Film Festival,Melbourne International Film Festival,2
Encounters Short Film and Animation Festival,Hamburg Film Festival,2
Whistler Film Festival,SXSW Film Festival,2
Guadalajara International Film Festival,Locarno International Film Festival,2
Cartagena Film Festival,Internationale Kurzfilmtage Winterthur,2
Uppsala Short Film Festival,Sitges - Catalonian International Film Festival,2
Canadian Screen Awards,Valladolid International Film Festival,2
Tallinn Black Nights Film Festival,Hawaii International Film Festival,2
Locarno International Film Festival,Helsinki International Film Festival - Love & Anarchy,2
Athens International Film and Video Festival,Nordisk Panorama,2
AFI Fest,Outfest: Los Angeles Gay & Lesbian Film Festival,2
DocumentaMadrid,Camden International Film Festival,2
Adelaide Film Festival,IndieLisboa International Independent Film Festival,2
International Documentary Film Festival Amsterdam,BlackStar Film Festival,2
Edinburgh International Film Festival,Ottawa International Animation Festival,2
Viennale,Tirana International Film Festival,2
Vilnius International Film Festival (Kino Pavasaris),Stockholm International Film Festival,2
Annecy International Animation Festival,Tirana International Film Festival,2
Shorts México,Frameline: San Francisco International LGBTQ Film Festival,2
Toronto Reel Asian Film Festival,Festival du Nouveau Cinéma,2
Academy Awards,Helsinki International Film Festival - Love & Anarchy,2
Hong Kong International Film Festival,Shorts México,2
Valdivia International Film Festival,Athens International Film and Video Festival,2
Tallinn Black Nights Film Festival,San Diego International Film Festival,2
Encounters Short Film and Animation Festival,Swiss Film Award,2
IndieLisboa International Independent Film Festival,Sitges - Catalonian International Film Festival,2
Lima Alterna International Film Festival,Viennale,2
Encounters Short Film and Animation Festival,Champs-Élysées Film Festival,2
Internationale Kurzfilmtage Winterthur,Ji.hlava International Documentary Film Festival,2
Dublin International Film Festival,Rome Independent Film Festival,2
Valdivia International Film Festival,Cinéma du Réel,2
Montreal International Documentary Festival,Riga International Film Festival,2
Dokufest International Documentary and Short Film Festival,Seattle Queer Film Festival,2
Solothurn Film Festival,Swiss Film Award,2
Sundance Film Festival,Seattle Queer Film Festival,2
Cartagena Film Festival,Reykjavik International Film Festival,2
DocumentaMadrid,Go Short - International Short Film Festival Nijmegen,2
Iris Prize LGBTQ+ Film Festival,BFI Flare: London LGBTIQ+ Film Festival,2
Seattle International Film Festival,Athens International Film Festival,2
Göteborg Film Festival,Palm Springs International ShortFest,2
Edinburgh International Film Festival,Leiden Shorts,2
Calgary International Film Festival,Philadelphia Film Festival,2
Palm Springs International ShortFest,Toronto Reel Asian Film Festival,2
Bilbao International Festival of Documentary and Short Films,Berlin International Film Festival,2
Toronto International Film Festival,International Film Festival Rotterdam,2
Calgary International Film Festival,Venice Film Festival,2
New York Film Festival,Mar del Plata International Film Festival,2
Tallinn Black Nights Film Festival,Angers European First Film Festival,2
Brooklyn Film Festival,SXSW Film Festival,2
Festival du Nouveau Cinéma,Munich Film Festival,2
Seattle International Film Festival,Hawaii International Film Festival,2
DocumentaMadrid,FICUNAM,2
Singapore International Film Festival,BFI London Film Festival,2
Helsinki International Film Festival - Love & Anarchy,Rio de Janeiro International Film Festival,2
Transilvania International Film Festival,Athens International Film and Video Festival,2
Valdivia International Film Festival,Dokufest International Documentary and Short Film Festival,2
Krakow Film Festival,Riga International Film Festival,2
Warsaw International Film Festival,Hof International Film Festival,2
Valdivia International Film Festival,Riga International Film Festival,2
Fargo Film Festival,Tallinn Black Nights Film Festival,2
Krakow Film Festival,Calgary International Film Festival,2
Fargo Film Festival,Calgary International Film Festival,2
Tiradentes Film Festival,Rio de Janeiro International Film Festival,2
Krakow Film Festival,Milan Film Festival,2
Hollyshorts Film Festival,Huesca International Film Festival,2
Bilbao International Festival of Documentary and Short Films,Leiden Shorts,2
Chicago International Film Festival,Tirana International Film Festival,2
FEST - New Directors / New Films,Uppsala Short Film Festival,2
Clermont-Ferrand International Short Film Festival,Chicago Underground Film Festival,2
FIRST International Film Festival Xining,BFI London Film Festival,2
Curtacinema - Rio de Janeiro International Short Film Festival,Sarajevo Film Festival,2
Krakow Film Festival,Hot Docs Canadian International Documentary Festival,2
Oberhausen International Short Film Festival,Las Palmas Film Festival,2
Berlin International Film Festival,Beijing International Short Film Festival,2
Philadelphia Film Festival,Curtas Vila do Conde International Film Festival,2
Tacoma Film Festival,Encounters Short Film and Animation Festival,2
Milwaukee International Film Festival,Mar del Plata International Film Festival,2
Internationale Kurzfilmtage Winterthur,La Plata International Independent Film Festival - FestiFreak,2
Festival de Cine Iberoamericano de Huelva,Curtas Vila do Conde International Film Festival,2
Ottawa International Animation Festival,International Film Festival Rotterdam,2
Valdivia International Film Festival,Rio de Janeiro International Film Festival,2
DocumentaMadrid,Bangkok International Film Festival,2
SXSW Film Festival,European Film Awards,2
Singapore International Film Festival,Vancouver International Film Festival,2
Sitges - Catalonian International Film Festival,BFI London Film Festival,2
Festival international du film indépendant de Bordeaux,Côté Court,2
True/False Film Festival,International Film Festival Rotterdam,2
Whistler Film Festival,Stockholm International Film Festival,2
Krakow Film Festival,International Film Festival Rotterdam,2
Encounters Short Film and Animation Festival,Crossroads - San Francisco Cinematheque,2
Hong Kong International Film Festival,Landshut Short Film Festival,2
Guadalajara International Film Festival,Florida Film Festival,2
Hot Docs Canadian International Documentary Festival,Melbourne International Film Festival,2
DMZ International Documentary Film Festival,Reykjavik International Film Festival,2
International Documentary Film Festival Amsterdam,Annecy International Animation Festival,2
Brooklyn Film Festival,Edinburgh International Film Festival,2
Clermont-Ferrand International Short Film Festival,Fargo Film Festival,2
Sitges - Catalonian International Film Festival,São Paulo International Film Festival,2
Off-Courts Trouville,Annecy International Animation Festival,2
Visions du Réel,Raindance Film Festival,2
Montreal International Documentary Festival,DMZ International Documentary Film Festival,2
Go Short - International Short Film Festival Nijmegen,Hong Kong International Film Festival,2
It's All True - International Documentary Festival,Sarajevo Film Festival,2
Montreal International Documentary Festival,Guanajuato International Film Festival,2
Guanajuato International Film Festival,British Independent Film Awards,2
European Film Awards,Annecy International Animation Festival,2
Helsinki International Film Festival - Love & Anarchy,Karlovy Vary International Film Festival,2
European Film Awards,Cinéma du Réel,2
Oberhausen International Short Film Festival,Beijing International Short Film Festival,2
ARKIPEL International Documentary and Experimental Film Festival,Cannes Film Festival,2
SXSW Film Festival,Reykjavik International Film Festival,2
DOK Leipzig,San Francisco International Film Festival,2
Annecy International Animation Festival,São Paulo International Film Festival,2
Dublin International Film Festival,Dokufest International Documentary and Short Film Festival,2
Raindance Film Festival,Vancouver International Film Festival,2
Sundance Film Festival,Telluride Film Festival,2
Warsaw International Film Festival,Calgary International Film Festival,2
Ghent Film Festival,Philadelphia Film Festival,2
Ghent Film Festival,Mill Valley Film Festival,2
Diagonale: Festival of Austrian Film,European Film Awards,2
FICUNAM,Locarno International Film Festival,2
Locarno International Film Festival,Reykjavik International Film Festival,2
Galway Film Fleadh,Rhode Island International Film Festival,2
Angers European First Film Festival,Brussels Short Film Festival,2
Calgary International Film Festival,Sitges - Catalonian International Film Festival,2
Rendez-vous Québec Cinéma,Calgary International Film Festival,2
DOK Leipzig,Ji.hlava International Documentary Film Festival,2
Ann Arbor Film Festival,Tirana International Film Festival,2
Nordic International Film Festival,Helsinki International Film Festival - Love & Anarchy,2
25FPS Festival,European Film Awards,2
Tallinn Black Nights Film Festival,Rio de Janeiro International Film Festival,2
Cannes Film Festival,Thessaloniki Film Festival,2
Irish Film and Television Awards,Belfast Film Festival,2
Gijón International Film Festival,Melbourne International Film Festival,2
Chicago International Film Festival,Mumbai Film Festival,2
Nordic International Film Festival,Milwaukee International Film Festival,2
Huesca International Film Festival,Guanajuato International Film Festival,2
Internationale Kurzfilmtage Winterthur,Stockholm International Film Festival,2
Curtacinema - Rio de Janeiro International Short Film Festival,FICUNAM,2
Chéries-Chéris,Sicilia Queer filmfest,2
Outfest: Los Angeles Gay & Lesbian Film Festival,Inside Out Toronto LGBT Film Festival,2
Reykjavik International Film Festival,Annecy International Animation Festival,2
DocumentaMadrid,Cinéma du Réel,2
Landshut Short Film Festival,Bergen International Film Festival,2
Singapore International Film Festival,Busan International Film Festival,2
Encounters Short Film and Animation Festival,Gaudí Awards,2
Seattle International Film Festival,British Independent Film Awards,2
Internationale Kurzfilmtage Winterthur,Havana Film Festival,2
AFI Fest,Vienna Shorts,2
Bucharest Short Film Festival,Curtas Vila do Conde International Film Festival,2
Ghent Film Festival,Rome Independent Film Festival,2
Clermont-Ferrand International Short Film Festival,MIX Copenhagen LGBTQ+ Film Festival,2
Go Short - International Short Film Festival Nijmegen,Athens International Film and Video Festival,2
RiverRun International Film Festival,Guanajuato International Film Festival,2
Valladolid International Film Festival,Ottawa International Animation Festival,2
Berlin International Film Festival,DOK Leipzig,2
Uppsala Short Film Festival,Animafest Zagreb,2
Valladolid International Film Festival,International Film Festival Rotterdam,2
SXSW Film Festival,Shorts México,2
Sundance Film Festival,Shorts México,2
Encounters Short Film and Animation Festival,David di Donatello Awards,2
Reykjavik International Film Festival,Landshut Short Film Festival,2
Hollyshorts Film Festival,San Francisco International Film Festival,2
Moscow International Film Festival,Beijing International Short Film Festival,2
Curtacinema - Rio de Janeiro International Short Film Festival,Sarasota Film Festival,2
Ottawa International Animation Festival,Vilnius International Film Festival (Kino Pavasaris),2
Ann Arbor Film Festival,Vienna Shorts,2
San Francisco International Film Festival,Florida Film Festival,2
Mar del Plata International Film Festival,Viennale,2
Edinburgh International Film Festival,Vancouver International Film Festival,2
International Documentary Film Festival Amsterdam,Melbourne International Film Festival,2
Frameline: San Francisco International LGBTQ Film Festival,Out on Film,2
Hong Kong International Film Festival,Las Palmas Film Festival,2
Hong Kong International Film Festival,Viennale,2
Dokufest International Documentary and Short Film Festival,San Francisco International Film Festival,2
São Paulo International Short Film Festival – Curta Kinoforum,Ottawa International Animation Festival,2
Palm Springs International ShortFest,CAAMFest,2
FICUNAM,IndieLisboa International Independent Film Festival,2
New York Film Festival,Cannes Film Festival,2
New York Film Festival,Mumbai Film Festival,2
Adelaide Film Festival,Uppsala Short Film Festival,2
Krakow Film Festival,FEST - New Directors / New Films,2
São Paulo International Short Film Festival – Curta Kinoforum,Sophia Awards,2
AFI Fest,Vilnius International Film Festival (Kino Pavasaris),2
DocumentaMadrid,Tirana International Film Festival,2
Philadelphia Film Festival,European Film Awards,2
DMZ International Documentary Film Festival,Athens International Film and Video Festival,2
Bangkok International Film Festival,Camden International Film Festival,2
Montclair Film Festival,Locarno International Film Festival,2
Visions du Réel,Internationale Kurzfilmtage Winterthur,2
Moscow International Film Festival,Festival du Nouveau Cinéma,2
Encounters Short Film and Animation Festival,Images Festival,2
Tallinn Black Nights Film Festival,Bogoshorts - Bogota Short Film Festival,2
Kurzfilm Festival Hamburg,Leiden Shorts,2
Cannes Film Festival,Vancouver International Film Festival,2
SXSW Film Festival,Montclair Film Festival,2
Austin Film Festival,Vancouver International Film Festival,2
Cairo International Film Festival,San Sebastián International Film Festival,2
Brussels Short Film Festival,Trieste Film Festival,2
São Paulo International Short Film Festival – Curta Kinoforum,AFI Fest,2
Curtacinema - Rio de Janeiro International Short Film Festival,Reykjavik International Film Festival,2
Ottawa International Animation Festival,Sophia Awards,2
It's All True - International Documentary Festival,Tallinn Black Nights Film Festival,2
Academy Awards,Animafest Zagreb,2
Zurich Film Festival,AFI Fest,2
Clermont-Ferrand International Short Film Festival,Berlin International Film Festival,2
Cannes Film Festival,Rome Independent Film Festival,2
Sarajevo Film Festival,Rome Independent Film Festival,2
Encounters Short Film and Animation Festival,Jecheon International Music & Film Festival,2
Toronto International Film Festival,Mumbai Film Festival,2
Academy Awards,Vilnius International Film Festival (Kino Pavasaris),2
Krakow Film Festival,Beijing International Short Film Festival,2
Dokufest International Documentary and Short Film Festival,Mar del Plata International Film Festival,2
Warsaw International Film Festival,Melbourne International Film Festival,2
Buenos Aires International Festival of Independent Cinema,BFI London Film Festival,2
Encounters Short Film and Animation Festival,Bolton International Film Festival,2
Internationale Kurzfilmtage Winterthur,Mardi Gras Film Festival,2
AFI Fest,IndieLisboa International Independent Film Festival,2
Kurzfilm Festival Hamburg,Frameline: San Francisco International LGBTQ Film Festival,2
Festival international du film indépendant de Bordeaux,Curtas Vila do Conde International Film Festival,2
Solothurn Film Festival,Seville European Film Festival,2
MIX Copenhagen LGBTQ+ Film Festival,Melbourne International Film Festival,2
MIX Copenhagen LGBTQ+ Film Festival,Fantasia Film Festival,2
Oberhausen International Short Film Festival,BFI London Film Festival,2
São Paulo International Short Film Festival – Curta Kinoforum,Rome Independent Film Festival,2
Message to Man International Film Festival,Calgary International Film Festival,2
Ann Arbor Film Festival,Oberhausen International Short Film Festival,2
Cannes Film Festival,Uppsala Short Film Festival,2
Hollyshorts Film Festival,Melbourne International Film Festival,2
Seattle International Film Festival,International Film Festival Rotterdam,2
São Paulo International Short Film Festival – Curta Kinoforum,Experimental Film and Video Festival in Seoul,2
Dublin International Film Festival,Queer Lisboa,2
Out on Film,Pink Screens,2
Berlin International Film Festival,European Film Awards,2
Jerusalem Film Festival,Frameline: San Francisco International LGBTQ Film Festival,2
New York Film Festival,Go Short - International Short Film Festival Nijmegen,2
Seattle International Film Festival,Maryland Film Festival,2
Kurzfilm Festival Hamburg,Sitges - Catalonian International Film Festival,2
Academy Awards,BAFTA Awards,2
Tampere Film Festival,Athens International Film and Video Festival,2
New York Film Festival,Visions du Réel,2
Go Short - International Short Film Festival Nijmegen,Dokufest International Documentary and Short Film Festival,2
Sitges - Catalonian International Film Festival,Curtas Vila do Conde International Film Festival,2
Tallinn Black Nights Film Festival,Transilvania International Film Festival,2
Hollyshorts Film Festival,Chicago International Film Festival,2
Buenos Aires International Festival of Independent Cinema,Moscow International Film Festival,2
LA Shorts International Film Festival,Encounters Short Film and Animation Festival,2
Porto/Post/Doc,Off-Courts Trouville,2
Curtacinema - Rio de Janeiro International Short Film Festival,Stockholm International Film Festival,2
Guanajuato International Film Festival,San Diego Underground Film Festival,2
Warsaw International Film Festival,Animafest Zagreb,2
Encounters Short Film and Animation Festival,Lübeck Nordic Film Days,2
Montclair Film Festival,Landshut Short Film Festival,2
FEST - New Directors / New Films,Trieste Film Festival,2
Lima Alterna International Film Festival,Locarno International Film Festival,2
Camden International Film Festival,Melbourne International Film Festival,2
DocumentaMadrid,Melbourne International Film Festival,2
AFI Fest,International Documentary Film Festival Amsterdam,2
Curtacinema - Rio de Janeiro International Short Film Festival,It's All True - International Documentary Festival,2
Chéries-Chéris,Melbourne International Film Festival,2
Toronto International Film Festival,Sicilia Queer filmfest,2
Seattle International Film Festival,Brussels Film Festival,2
Queer Lisboa,Festival du Nouveau Cinéma,2
Warsaw International Film Festival,Sitges - Catalonian International Film Festival,2
Cartagena Film Festival,IndieLisboa International Independent Film Festival,2
BFI London Film Festival,British Independent Film Awards,2
Chicago International Film Festival,Sitges - Catalonian International Film Festival,2
Clermont-Ferrand International Short Film Festival,Mar del Plata International Film Festival,2
Raindance Film Festival,Viennale,2
Guadalajara International Film Festival,Sitges - Catalonian International Film Festival,2
Seattle International Film Festival,Atlanta Film Festival,2
Irish Film and Television Awards,SXSW Film Festival,2
São Paulo International Short Film Festival – Curta Kinoforum,Havana Film Festival,2
Golden Horse Film Festival,Guanajuato International Film Festival,2
FEST - New Directors / New Films,Frameline: San Francisco International LGBTQ Film Festival,2
Academy Awards,Toronto International Film Festival,2
Helsinki International Film Festival - Love & Anarchy,Sicilia Queer filmfest,2
Pink Screens,NewFest - The New York LGBTQ+ Film Festival,2
Guadalajara International Film Festival,Tirana International Film Festival,2
Hollyshorts Film Festival,BFI London Film Festival,2
Lima Alterna International Film Festival,International Film Festival Rotterdam,2
Melbourne International Film Festival,QCinema – Quezon City International Film Festival,2
FICUNAM,Internationale Kurzfilmtage Winterthur,2
Curtas Vila do Conde International Film Festival,Filmfestival Max Ophüls Preis,2
True/False Film Festival,FICUNAM,2
Brooklyn Film Festival,Stockholm International Film Festival,2
Academy Awards,Valladolid International Film Festival,2
SXSW Film Festival,Animafest Zagreb,2
Bilbao International Festival of Documentary and Short Films,BAFTA Awards,2
Irish Film and Television Awards,Academy Awards,2
IndieLisboa International Independent Film Festival,Sarasota Film Festival,2
Jerusalem Film Festival,Annecy International Animation Festival,2
Outfest: Los Angeles Gay & Lesbian Film Festival,Sicilia Queer filmfest,2
New York Film Festival,Riga International Film Festival,2
Sundance Film Festival,Montreal International Documentary Festival,2
Chéries-Chéris,Fantasia Film Festival,2
Leeds International Film Festival,Curtas Vila do Conde International Film Festival,2
Sundance Film Festival,Adelaide Film Festival,2
Chéries-Chéris,Viennale,2
Off-Courts Trouville,Cannes Film Festival,2
Sundance Film Festival,Karlovy Vary International Film Festival,2
International Documentary Film Festival Amsterdam,Athens International Film and Video Festival,2
Chéries-Chéris,European Film Awards,2
SXSW Film Festival,Stockholm International Film Festival,2
Riga International Film Festival,DOK Leipzig,2
DocumentaMadrid,Vancouver International Film Festival,2
New York Film Festival,FICUNAM,2
25FPS Festival,Las Palmas Film Festival,2
Locarno International Film Festival,Shorts México,2
Dublin International Film Festival,Athens International Film and Video Festival,2
25FPS Festival,Tallinn Black Nights Film Festival,2
Kurzfilm Festival Hamburg,Tirana International Film Festival,2
FEST - New Directors / New Films,SXSW Film Festival,2
Athens International Film and Video Festival,Mar del Plata International Film Festival,2
Lima Alterna International Film Festival,Dokufest International Documentary and Short Film Festival,2
Ann Arbor Film Festival,Chicago International Film Festival,2
Encounters Short Film and Animation Festival,Out on Film,2
Cannes Film Festival,Sicilia Queer filmfest,2
Toronto International Film Festival,Vienna Shorts,2
Buenos Aires International Festival of Independent Cinema,Stockholm International Film Festival,2
Encounters Short Film and Animation Festival,Istanbul Film Festival,2
Seattle International Film Festival,Message to Man International Film Festival,2
Hollyshorts Film Festival,Tampere Film Festival,2
Valdivia International Film Festival,Mill Valley Film Festival,2
Raindance Film Festival,Frameline: San Francisco International LGBTQ Film Festival,2
Milwaukee International Film Festival,Vilnius International Film Festival (Kino Pavasaris),2
DOC NYC,DOK Leipzig,2
Montreal International Documentary Festival,Valladolid International Film Festival,2
Nordisk Panorama,Annecy International Animation Festival,2
Côté Court,Shorts México,2
MIX Copenhagen LGBTQ+ Film Festival,AFI Fest,2
Locarno International Film Festival,Toronto International Film Festival,2
Tallinn Black Nights Film Festival,Austin Film Festival,2
It's All True - International Documentary Festival,Vancouver International Film Festival,2
Uppsala Short Film Festival,Côté Court,2
Go Short - International Short Film Festival Nijmegen,Hot Docs Canadian International Documentary Festival,2
British Independent Film Awards,Stockholm International Film Festival,2
Camden International Film Festival,Open City Documentary Festival,2
Chicago International Film Festival,Reykjavik International Film Festival,2
New Zealand International Film Festival,Oberhausen International Short Film Festival,2
FEST - New Directors / New Films,Queer Lisboa,2
25FPS Festival,Tirana International Film Festival,2
Sundance Film Festival,Go Short - International Short Film Festival Nijmegen,2
FEST - New Directors / New Films,Rome Independent Film Festival,2
AFI Fest,DOC NYC,2
Brooklyn Film Festival,Cinefest Sudbury International Film Festival,2
Chéries-Chéris,Pink Screens,2
Palm Springs International ShortFest,Atlanta Film Festival,2
Sundance Film Festival,Valladolid International Film Festival,2
Clermont-Ferrand International Short Film Festival,Warsaw International Film Festival,2
Palm Springs International ShortFest,Slash Film Festival,2
DocumentaMadrid,Athens International Film and Video Festival,2
New York Film Festival,Stockholm International Film Festival,2
Uppsala Short Film Festival,Cinéma du Réel,2
Academy Awards,Annecy International Animation Festival,2
Go Short - International Short Film Festival Nijmegen,Vienna Shorts,2
Kurzfilm Festival Hamburg,Inside Out Toronto LGBT Film Festival,2
Academy Awards,Hong Kong International Film Festival,2
